CNT_CHILDREN,AMT_INCOME_TOTAL,AMT_CREDIT,AMT_ANNUITY,AMT_GOODS_PRICE,REGION_POPULATION_RELATIVE,DAYS_BIRTH,DAYS_EMPLOYED,DAYS_REGISTRATION,DAYS_ID_PUBLISH,OWN_CAR_AGE,FLAG_MOBIL,FLAG_EMP_PHONE,FLAG_WORK_PHONE,FLAG_CONT_MOBILE,FLAG_PHONE,FLAG_EMAIL,CNT_FAM_MEMBERS,REGION_RATING_CLIENT,REGION_RATING_CLIENT_W_CITY,HOUR_APPR_PROCESS_START,REG_REGION_NOT_LIVE_REGION,REG_REGION_NOT_WORK_REGION,LIVE_REGION_NOT_WORK_REGION,REG_CITY_NOT_LIVE_CITY,REG_CITY_NOT_WORK_CITY,LIVE_CITY_NOT_WORK_CITY,EXT_SOURCE_1,EXT_SOURCE_2,EXT_SOURCE_3,APARTMENTS_AVG,BASEMENTAREA_AVG,YEARS_BEGINEXPLUATATION_AVG,YEARS_BUILD_AVG,COMMONAREA_AVG,ELEVATORS_AVG,ENTRANCES_AVG,FLOORSMAX_AVG,FLOORSMIN_AVG,LANDAREA_AVG,LIVINGAPARTMENTS_AVG,LIVINGAREA_AVG,NONLIVINGAPARTMENTS_AVG,NONLIVINGAREA_AVG,APARTMENTS_MODE,BASEMENTAREA_MODE,YEARS_BEGINEXPLUATATION_MODE,YEARS_BUILD_MODE,COMMONAREA_MODE,ELEVATORS_MODE,ENTRANCES_MODE,FLOORSMAX_MODE,FLOORSMIN_MODE,LANDAREA_MODE,LIVINGAPARTMENTS_MODE,LIVINGAREA_MODE,NONLIVINGAPARTMENTS_MODE,NONLIVINGAREA_MODE,APARTMENTS_MEDI,BASEMENTAREA_MEDI,YEARS_BEGINEXPLUATATION_MEDI,YEARS_BUILD_MEDI,COMMONAREA_MEDI,ELEVATORS_MEDI,ENTRANCES_MEDI,FLOORSMAX_MEDI,FLOORSMIN_MEDI,LANDAREA_MEDI,LIVINGAPARTMENTS_MEDI,LIVINGAREA_MEDI,NONLIVINGAPARTMENTS_MEDI,NONLIVINGAREA_MEDI,TOTALAREA_MODE,OBS_30_CNT_SOCIAL_CIRCLE,DEF_30_CNT_SOCIAL_CIRCLE,OBS_60_CNT_SOCIAL_CIRCLE,DEF_60_CNT_SOCIAL_CIRCLE,DAYS_LAST_PHONE_CHANGE,FLAG_DOCUMENT_2,FLAG_DOCUMENT_3,FLAG_DOCUMENT_4,FLAG_DOCUMENT_5,FLAG_DOCUMENT_6,FLAG_DOCUMENT_7,FLAG_DOCUMENT_8,FLAG_DOCUMENT_9,FLAG_DOCUMENT_10,FLAG_DOCUMENT_11,FLAG_DOCUMENT_12,FLAG_DOCUMENT_13,FLAG_DOCUMENT_14,FLAG_DOCUMENT_15,FLAG_DOCUMENT_16,FLAG_DOCUMENT_17,FLAG_DOCUMENT_18,FLAG_DOCUMENT_19,FLAG_DOCUMENT_20,FLAG_DOCUMENT_21,AMT_REQ_CREDIT_BUREAU_HOUR,AMT_REQ_CREDIT_BUREAU_DAY,AMT_REQ_CREDIT_BUREAU_WEEK,AMT_REQ_CREDIT_BUREAU_MON,AMT_REQ_CREDIT_BUREAU_QRT,AMT_REQ_CREDIT_BUREAU_YEAR,NAME_CONTRACT_TYPE_Cash loans,NAME_CONTRACT_TYPE_Revolving loans,CODE_GENDER_F,CODE_GENDER_M,FLAG_OWN_CAR_N,FLAG_OWN_CAR_Y,FLAG_OWN_REALTY_N,FLAG_OWN_REALTY_Y,NAME_TYPE_SUITE_Children,NAME_TYPE_SUITE_Family,NAME_TYPE_SUITE_Group of people,NAME_TYPE_SUITE_Other_A,NAME_TYPE_SUITE_Other_B,"NAME_TYPE_SUITE_Spouse, partner",NAME_TYPE_SUITE_Unaccompanied,NAME_INCOME_TYPE_Businessman,NAME_INCOME_TYPE_Commercial associate,NAME_INCOME_TYPE_Pensioner,NAME_INCOME_TYPE_State servant,NAME_INCOME_TYPE_Student,NAME_INCOME_TYPE_Unemployed,NAME_INCOME_TYPE_Working,NAME_EDUCATION_TYPE_Academic degree,NAME_EDUCATION_TYPE_Higher education,NAME_EDUCATION_TYPE_Incomplete higher,NAME_EDUCATION_TYPE_Lower secondary,NAME_EDUCATION_TYPE_Secondary / secondary special,NAME_FAMILY_STATUS_Civil marriage,NAME_FAMILY_STATUS_Married,NAME_FAMILY_STATUS_Separated,NAME_FAMILY_STATUS_Single / not married,NAME_FAMILY_STATUS_Widow,NAME_HOUSING_TYPE_Co-op apartment,NAME_HOUSING_TYPE_House / apartment,NAME_HOUSING_TYPE_Municipal apartment,NAME_HOUSING_TYPE_Office apartment,NAME_HOUSING_TYPE_Rented apartment,NAME_HOUSING_TYPE_With parents,OCCUPATION_TYPE_Accountants,OCCUPATION_TYPE_Cleaning staff,OCCUPATION_TYPE_Cooking staff,OCCUPATION_TYPE_Core staff,OCCUPATION_TYPE_Drivers,OCCUPATION_TYPE_HR staff,OCCUPATION_TYPE_High skill tech staff,OCCUPATION_TYPE_IT staff,OCCUPATION_TYPE_Laborers,OCCUPATION_TYPE_Low-skill Laborers,OCCUPATION_TYPE_Managers,OCCUPATION_TYPE_Medicine staff,OCCUPATION_TYPE_Private service staff,OCCUPATION_TYPE_Realty agents,OCCUPATION_TYPE_Sales staff,OCCUPATION_TYPE_Secretaries,OCCUPATION_TYPE_Security staff,OCCUPATION_TYPE_Waiters/barmen staff,WEEKDAY_APPR_PROCESS_START_FRIDAY,WEEKDAY_APPR_PROCESS_START_MONDAY,WEEKDAY_APPR_PROCESS_START_SATURDAY,WEEKDAY_APPR_PROCESS_START_SUNDAY,WEEKDAY_APPR_PROCESS_START_THURSDAY,WEEKDAY_APPR_PROCESS_START_TUESDAY,WEEKDAY_APPR_PROCESS_START_WEDNESDAY,ORGANIZATION_TYPE_Advertising,ORGANIZATION_TYPE_Agriculture,ORGANIZATION_TYPE_Bank,ORGANIZATION_TYPE_Business Entity Type 1,ORGANIZATION_TYPE_Business Entity Type 2,ORGANIZATION_TYPE_Business Entity Type 3,ORGANIZATION_TYPE_Cleaning,ORGANIZATION_TYPE_Construction,ORGANIZATION_TYPE_Culture,ORGANIZATION_TYPE_Electricity,ORGANIZATION_TYPE_Emergency,ORGANIZATION_TYPE_Government,ORGANIZATION_TYPE_Hotel,ORGANIZATION_TYPE_Housing,ORGANIZATION_TYPE_Industry: type 1,ORGANIZATION_TYPE_Industry: type 10,ORGANIZATION_TYPE_Industry: type 11,ORGANIZATION_TYPE_Industry: type 12,ORGANIZATION_TYPE_Industry: type 13,ORGANIZATION_TYPE_Industry: type 2,ORGANIZATION_TYPE_Industry: type 3,ORGANIZATION_TYPE_Industry: type 4,ORGANIZATION_TYPE_Industry: type 5,ORGANIZATION_TYPE_Industry: type 6,ORGANIZATION_TYPE_Industry: type 7,ORGANIZATION_TYPE_Industry: type 8,ORGANIZATION_TYPE_Industry: type 9,ORGANIZATION_TYPE_Insurance,ORGANIZATION_TYPE_Kindergarten,ORGANIZATION_TYPE_Legal Services,ORGANIZATION_TYPE_Medicine,ORGANIZATION_TYPE_Military,ORGANIZATION_TYPE_Mobile,ORGANIZATION_TYPE_Other,ORGANIZATION_TYPE_Police,ORGANIZATION_TYPE_Postal,ORGANIZATION_TYPE_Realtor,ORGANIZATION_TYPE_Religion,ORGANIZATION_TYPE_Restaurant,ORGANIZATION_TYPE_School,ORGANIZATION_TYPE_Security,ORGANIZATION_TYPE_Security Ministries,ORGANIZATION_TYPE_Self-employed,ORGANIZATION_TYPE_Services,ORGANIZATION_TYPE_Telecom,ORGANIZATION_TYPE_Trade: type 1,ORGANIZATION_TYPE_Trade: type 2,ORGANIZATION_TYPE_Trade: type 3,ORGANIZATION_TYPE_Trade: type 4,ORGANIZATION_TYPE_Trade: type 5,ORGANIZATION_TYPE_Trade: type 6,ORGANIZATION_TYPE_Trade: type 7,ORGANIZATION_TYPE_Transport: type 1,ORGANIZATION_TYPE_Transport: type 2,ORGANIZATION_TYPE_Transport: type 3,ORGANIZATION_TYPE_Transport: type 4,ORGANIZATION_TYPE_University,ORGANIZATION_TYPE_XNA,FONDKAPREMONT_MODE_not specified,FONDKAPREMONT_MODE_org spec account,FONDKAPREMONT_MODE_reg oper account,FONDKAPREMONT_MODE_reg oper spec account,HOUSETYPE_MODE_block of flats,HOUSETYPE_MODE_specific housing,HOUSETYPE_MODE_terraced house,WALLSMATERIAL_MODE_Block,WALLSMATERIAL_MODE_Mixed,WALLSMATERIAL_MODE_Monolithic,WALLSMATERIAL_MODE_Others,WALLSMATERIAL_MODE_Panel,"WALLSMATERIAL_MODE_Stone, brick",WALLSMATERIAL_MODE_Wooden,EMERGENCYSTATE_MODE_No,EMERGENCYSTATE_MODE_Yes,bureau_DAYS_CREDIT_count,bureau_DAYS_CREDIT_mean,bureau_DAYS_CREDIT_max,bureau_DAYS_CREDIT_min,bureau_DAYS_CREDIT_sum,bureau_CREDIT_DAY_OVERDUE_count,bureau_CREDIT_DAY_OVERDUE_mean,bureau_CREDIT_DAY_OVERDUE_max,bureau_CREDIT_DAY_OVERDUE_min,bureau_CREDIT_DAY_OVERDUE_sum,bureau_DAYS_CREDIT_ENDDATE_count,bureau_DAYS_CREDIT_ENDDATE_mean,bureau_DAYS_CREDIT_ENDDATE_max,bureau_DAYS_CREDIT_ENDDATE_min,bureau_DAYS_CREDIT_ENDDATE_sum,bureau_DAYS_ENDDATE_FACT_count,bureau_DAYS_ENDDATE_FACT_mean,bureau_DAYS_ENDDATE_FACT_max,bureau_DAYS_ENDDATE_FACT_min,bureau_DAYS_ENDDATE_FACT_sum,bureau_AMT_CREDIT_MAX_OVERDUE_count,bureau_AMT_CREDIT_MAX_OVERDUE_mean,bureau_AMT_CREDIT_MAX_OVERDUE_max,bureau_AMT_CREDIT_MAX_OVERDUE_min,bureau_AMT_CREDIT_MAX_OVERDUE_sum,bureau_CNT_CREDIT_PROLONG_count,bureau_CNT_CREDIT_PROLONG_mean,bureau_CNT_CREDIT_PROLONG_max,bureau_CNT_CREDIT_PROLONG_min,bureau_CNT_CREDIT_PROLONG_sum,bureau_AMT_CREDIT_SUM_count,bureau_AMT_CREDIT_SUM_mean,bureau_AMT_CREDIT_SUM_max,bureau_AMT_CREDIT_SUM_min,bureau_AMT_CREDIT_SUM_sum,bureau_AMT_CREDIT_SUM_DEBT_count,bureau_AMT_CREDIT_SUM_DEBT_mean,bureau_AMT_CREDIT_SUM_DEBT_max,bureau_AMT_CREDIT_SUM_DEBT_min,bureau_AMT_CREDIT_SUM_DEBT_sum,bureau_AMT_CREDIT_SUM_LIMIT_count,bureau_AMT_CREDIT_SUM_LIMIT_mean,bureau_AMT_CREDIT_SUM_LIMIT_max,bureau_AMT_CREDIT_SUM_LIMIT_min,bureau_AMT_CREDIT_SUM_LIMIT_sum,bureau_AMT_CREDIT_SUM_OVERDUE_count,bureau_AMT_CREDIT_SUM_OVERDUE_mean,bureau_AMT_CREDIT_SUM_OVERDUE_max,bureau_AMT_CREDIT_SUM_OVERDUE_min,bureau_AMT_CREDIT_SUM_OVERDUE_sum,bureau_DAYS_CREDIT_UPDATE_count,bureau_DAYS_CREDIT_UPDATE_mean,bureau_DAYS_CREDIT_UPDATE_max,bureau_DAYS_CREDIT_UPDATE_min,bureau_DAYS_CREDIT_UPDATE_sum,bureau_AMT_ANNUITY_count,bureau_AMT_ANNUITY_mean,bureau_AMT_ANNUITY_max,bureau_AMT_ANNUITY_min,bureau_AMT_ANNUITY_sum,bureau_CREDIT_ACTIVE_Active_count,bureau_CREDIT_ACTIVE_Active_count_norm,bureau_CREDIT_ACTIVE_Bad debt_count,bureau_CREDIT_ACTIVE_Bad debt_count_norm,bureau_CREDIT_ACTIVE_Closed_count,bureau_CREDIT_ACTIVE_Closed_count_norm,bureau_CREDIT_ACTIVE_Sold_count,bureau_CREDIT_ACTIVE_Sold_count_norm,bureau_CREDIT_CURRENCY_currency 1_count,bureau_CREDIT_CURRENCY_currency 1_count_norm,bureau_CREDIT_CURRENCY_currency 2_count,bureau_CREDIT_CURRENCY_currency 2_count_norm,bureau_CREDIT_CURRENCY_currency 3_count,bureau_CREDIT_CURRENCY_currency 3_count_norm,bureau_CREDIT_CURRENCY_currency 4_count,bureau_CREDIT_CURRENCY_currency 4_count_norm,bureau_CREDIT_TYPE_Another type of loan_count,bureau_CREDIT_TYPE_Another type of loan_count_norm,bureau_CREDIT_TYPE_Car loan_count,bureau_CREDIT_TYPE_Car loan_count_norm,bureau_CREDIT_TYPE_Cash loan (non-earmarked)_count,bureau_CREDIT_TYPE_Cash loan (non-earmarked)_count_norm,bureau_CREDIT_TYPE_Consumer credit_count,bureau_CREDIT_TYPE_Consumer credit_count_norm,bureau_CREDIT_TYPE_Credit card_count,bureau_CREDIT_TYPE_Credit card_count_norm,bureau_CREDIT_TYPE_Interbank credit_count,bureau_CREDIT_TYPE_Interbank credit_count_norm,bureau_CREDIT_TYPE_Loan for business development_count,bureau_CREDIT_TYPE_Loan for business development_count_norm,bureau_CREDIT_TYPE_Loan for purchase of shares (margin lending)_count,bureau_CREDIT_TYPE_Loan for purchase of shares (margin lending)_count_norm,bureau_CREDIT_TYPE_Loan for the purchase of equipment_count,bureau_CREDIT_TYPE_Loan for the purchase of equipment_count_norm,bureau_CREDIT_TYPE_Loan for working capital replenishment_count,bureau_CREDIT_TYPE_Loan for working capital replenishment_count_norm,bureau_CREDIT_TYPE_Microloan_count,bureau_CREDIT_TYPE_Microloan_count_norm,bureau_CREDIT_TYPE_Mobile operator loan_count,bureau_CREDIT_TYPE_Mobile operator loan_count_norm,bureau_CREDIT_TYPE_Mortgage_count,bureau_CREDIT_TYPE_Mortgage_count_norm,bureau_CREDIT_TYPE_Real estate loan_count,bureau_CREDIT_TYPE_Real estate loan_count_norm,bureau_CREDIT_TYPE_Unknown type of loan_count,bureau_CREDIT_TYPE_Unknown type of loan_count_norm,client_bureau_balance_MONTHS_BALANCE_count_count,client_bureau_balance_MONTHS_BALANCE_count_mean,client_bureau_balance_MONTHS_BALANCE_count_max,client_bureau_balance_MONTHS_BALANCE_count_min,client_bureau_balance_MONTHS_BALANCE_count_sum,client_bureau_balance_MONTHS_BALANCE_mean_count,client_bureau_balance_MONTHS_BALANCE_mean_mean,client_bureau_balance_MONTHS_BALANCE_mean_max,client_bureau_balance_MONTHS_BALANCE_mean_min,client_bureau_balance_MONTHS_BALANCE_mean_sum,client_bureau_balance_MONTHS_BALANCE_max_count,client_bureau_balance_MONTHS_BALANCE_max_mean,client_bureau_balance_MONTHS_BALANCE_max_max,client_bureau_balance_MONTHS_BALANCE_max_min,client_bureau_balance_MONTHS_BALANCE_max_sum,client_bureau_balance_MONTHS_BALANCE_min_count,client_bureau_balance_MONTHS_BALANCE_min_mean,client_bureau_balance_MONTHS_BALANCE_min_max,client_bureau_balance_MONTHS_BALANCE_min_min,client_bureau_balance_MONTHS_BALANCE_min_sum,client_bureau_balance_MONTHS_BALANCE_sum_count,client_bureau_balance_MONTHS_BALANCE_sum_mean,client_bureau_balance_MONTHS_BALANCE_sum_max,client_bureau_balance_MONTHS_BALANCE_sum_min,client_bureau_balance_MONTHS_BALANCE_sum_sum,client_bureau_balance_STATUS_0_count_count,client_bureau_balance_STATUS_0_count_mean,client_bureau_balance_STATUS_0_count_max,client_bureau_balance_STATUS_0_count_min,client_bureau_balance_STATUS_0_count_sum,client_bureau_balance_STATUS_0_count_norm_count,client_bureau_balance_STATUS_0_count_norm_mean,client_bureau_balance_STATUS_0_count_norm_max,client_bureau_balance_STATUS_0_count_norm_min,client_bureau_balance_STATUS_0_count_norm_sum,client_bureau_balance_STATUS_1_count_count,client_bureau_balance_STATUS_1_count_mean,client_bureau_balance_STATUS_1_count_max,client_bureau_balance_STATUS_1_count_min,client_bureau_balance_STATUS_1_count_sum,client_bureau_balance_STATUS_1_count_norm_count,client_bureau_balance_STATUS_1_count_norm_mean,client_bureau_balance_STATUS_1_count_norm_max,client_bureau_balance_STATUS_1_count_norm_min,client_bureau_balance_STATUS_1_count_norm_sum,client_bureau_balance_STATUS_2_count_count,client_bureau_balance_STATUS_2_count_mean,client_bureau_balance_STATUS_2_count_max,client_bureau_balance_STATUS_2_count_min,client_bureau_balance_STATUS_2_count_sum,client_bureau_balance_STATUS_2_count_norm_count,client_bureau_balance_STATUS_2_count_norm_mean,client_bureau_balance_STATUS_2_count_norm_max,client_bureau_balance_STATUS_2_count_norm_min,client_bureau_balance_STATUS_2_count_norm_sum,client_bureau_balance_STATUS_3_count_count,client_bureau_balance_STATUS_3_count_mean,client_bureau_balance_STATUS_3_count_max,client_bureau_balance_STATUS_3_count_min,client_bureau_balance_STATUS_3_count_sum,client_bureau_balance_STATUS_3_count_norm_count,client_bureau_balance_STATUS_3_count_norm_mean,client_bureau_balance_STATUS_3_count_norm_max,client_bureau_balance_STATUS_3_count_norm_min,client_bureau_balance_STATUS_3_count_norm_sum,client_bureau_balance_STATUS_4_count_count,client_bureau_balance_STATUS_4_count_mean,client_bureau_balance_STATUS_4_count_max,client_bureau_balance_STATUS_4_count_min,client_bureau_balance_STATUS_4_count_sum,client_bureau_balance_STATUS_4_count_norm_count,client_bureau_balance_STATUS_4_count_norm_mean,client_bureau_balance_STATUS_4_count_norm_max,client_bureau_balance_STATUS_4_count_norm_min,client_bureau_balance_STATUS_4_count_norm_sum,client_bureau_balance_STATUS_5_count_count,client_bureau_balance_STATUS_5_count_mean,client_bureau_balance_STATUS_5_count_max,client_bureau_balance_STATUS_5_count_min,client_bureau_balance_STATUS_5_count_sum,client_bureau_balance_STATUS_5_count_norm_count,client_bureau_balance_STATUS_5_count_norm_mean,client_bureau_balance_STATUS_5_count_norm_max,client_bureau_balance_STATUS_5_count_norm_min,client_bureau_balance_STATUS_5_count_norm_sum,client_bureau_balance_STATUS_C_count_count,client_bureau_balance_STATUS_C_count_mean,client_bureau_balance_STATUS_C_count_max,client_bureau_balance_STATUS_C_count_min,client_bureau_balance_STATUS_C_count_sum,client_bureau_balance_STATUS_C_count_norm_count,client_bureau_balance_STATUS_C_count_norm_mean,client_bureau_balance_STATUS_C_count_norm_max,client_bureau_balance_STATUS_C_count_norm_min,client_bureau_balance_STATUS_C_count_norm_sum,client_bureau_balance_STATUS_X_count_count,client_bureau_balance_STATUS_X_count_mean,client_bureau_balance_STATUS_X_count_max,client_bureau_balance_STATUS_X_count_min,client_bureau_balance_STATUS_X_count_sum,client_bureau_balance_STATUS_X_count_norm_count,client_bureau_balance_STATUS_X_count_norm_mean,client_bureau_balance_STATUS_X_count_norm_max,client_bureau_balance_STATUS_X_count_norm_min,client_bureau_balance_STATUS_X_count_norm_sum
2,90000.0,450000.0,27193.5,450000.0,0.020246,-11085,-1615,-4519.0,-3491,,1,1,1,1,0,0,4.0,3,3,12,0,0,0,0,0,0,0.28212146495804663,0.019514464119277063,0.2925880073368475,,,,,,,,,,,,,,,,,,,,,,,,,,,,,,,,,,,,,,,,,,,,0.0,0.0,0.0,0.0,-479.0,0,1,0,0,0,0,0,0,0,0,0,0,0,0,0,0,0,0,0,0,0.0,0.0,0.0,0.0,1.0,1.0,1,0,1,0,1,0,1,0,0,0,0,0,0,0,1,0,0,0,1,0,0,0,0,0,0,0,1,0,1,0,0,0,0,1,0,0,0,0,0,0,1,0,0,0,0,0,0,0,0,0,0,0,0,0,0,0,0,0,0,1,0,0,0,0,0,0,0,0,0,0,0,0,0,0,0,0,0,0,0,0,0,0,0,0,0,0,0,0,0,0,0,0,0,0,0,0,1,0,0,0,0,0,0,0,0,0,0,0,0,0,0,0,0,0,0,0,0,0,0,0,0,0,0,0,0,0,0,0,0,0,0,0,0,0,0,0,0,10.0,-317.5,-51.0,-681.0,-3175.0,10.0,0.0,0.0,0.0,0.0,8.0,160.875,963.0,-315.0,1287.0,4.0,-167.75,-55.0,-315.0,-671.0,7.0,780.8335714285713,5465.835,0.0,5465.835,10.0,0.0,0.0,0.0,0.0,10.0,91199.0295,224005.5,13500.0,911990.295,10.0,49754.25,199782.0,0.0,497542.5,8.0,2593.125,20745.0,0.0,20745.0,10.0,0.0,0.0,0.0,0.0,10.0,-80.6,-14.0,-309.0,-806.0,7.0,8050.615714285714,18450.0,1687.5,56354.31,6.0,0.6,0.0,0.0,4.0,0.4,0.0,0.0,10.0,1.0,0.0,0.0,0.0,0.0,0.0,0.0,0.0,0.0,0.0,0.0,0.0,0.0,7.0,0.7,2.0,0.2,0.0,0.0,0.0,0.0,0.0,0.0,0.0,0.0,0.0,0.0,1.0,0.1,0.0,0.0,0.0,0.0,0.0,0.0,0.0,0.0,10.0,7.3,18.0,2.0,73.0,10.0,-6.75,-0.5,-15.0,-67.5,10.0,-3.6,0.0,-13.0,-36.0,10.0,-9.9,-1.0,-22.0,-99.0,10.0,-62.4,-1.0,-243.0,-624.0,10.0,4.9,8.0,2.0,49.0,10.0,0.8177777777777779,1.0,0.2777777777777778,8.177777777777777,10.0,1.2,8.0,0.0,12.0,10.0,0.06944444444444445,0.4444444444444444,0.0,0.6944444444444444,10.0,0.0,0.0,0.0,0.0,10.0,0.0,0.0,0.0,0.0,10.0,0.0,0.0,0.0,0.0,10.0,0.0,0.0,0.0,0.0,10.0,0.0,0.0,0.0,0.0,10.0,0.0,0.0,0.0,0.0,10.0,0.0,0.0,0.0,0.0,10.0,0.0,0.0,0.0,0.0,10.0,0.9,5.0,0.0,9.0,10.0,0.052777777777777785,0.2777777777777778,0.0,0.5277777777777778,10.0,0.3,2.0,0.0,3.0,10.0,0.06000000000000001,0.4,0.0,0.6000000000000001
2,157500.0,1691626.5,46647.0,1512000.0,0.006305,-15983,-2282,-4386.0,-4504,,1,1,0,1,0,0,4.0,3,3,8,0,0,0,1,1,0,,0.6489585936943045,0.7338145369642702,0.0691,0.0634,0.9801,0.728,0.0084,0.0,0.1379,0.1667,0.2083,1.0,0.0563,0.0382,0.0039,0.0089,0.0704,0.0658,0.9801,0.7387,0.0085,0.0,0.1379,0.1667,0.2083,1.0,0.0615,0.0398,0.0039,0.0094,0.0697,0.0634,0.9801,0.7316,0.0085,0.0,0.1379,0.1667,0.2083,1.0,0.0573,0.0389,0.0039,0.0091,0.0467,1.0,0.0,1.0,0.0,-2630.0,0,1,0,0,0,0,0,0,0,0,0,0,0,0,0,0,0,0,0,0,0.0,0.0,0.0,1.0,0.0,1.0,1,0,1,0,1,0,0,1,0,1,0,0,0,0,0,0,0,0,0,0,0,1,0,0,0,0,1,0,1,0,0,0,0,0,0,1,0,0,0,0,0,0,0,0,0,0,0,0,1,0,0,0,0,0,0,0,1,0,0,0,0,0,0,0,0,0,0,0,0,0,0,0,0,0,0,0,0,0,0,0,0,0,0,0,0,0,0,0,0,0,0,0,0,0,0,0,0,0,0,0,0,0,0,0,0,0,0,0,0,0,0,0,0,0,1,0,0,0,0,0,0,1,0,0,0,1,0,0,0,0,0,0,0,1,0,1,0,3.0,-1147.6666666666667,-702.0,-1481.0,-3443.0,3.0,0.0,0.0,0.0,0.0,3.0,-113.0,1124.0,-1299.0,-339.0,2.0,-671.0,-43.0,-1299.0,-1342.0,0.0,,,,0.0,3.0,0.0,0.0,0.0,0.0,3.0,446244.0,766174.5,77557.5,1338732.0,2.0,80712.0,161424.0,0.0,161424.0,1.0,0.0,0.0,0.0,0.0,3.0,0.0,0.0,0.0,0.0,3.0,-449.33333333333326,-6.0,-1299.0,-1348.0,3.0,15984.330000000002,18000.0,14976.495,47952.99000000001,1.0,0.3333333333333333,0.0,0.0,2.0,0.6666666666666666,0.0,0.0,3.0,1.0,0.0,0.0,0.0,0.0,0.0,0.0,0.0,0.0,0.0,0.0,0.0,0.0,2.0,0.6666666666666666,1.0,0.3333333333333333,0.0,0.0,0.0,0.0,0.0,0.0,0.0,0.0,0.0,0.0,0.0,0.0,0.0,0.0,0.0,0.0,0.0,0.0,0.0,0.0,3.0,22.0,49.0,7.0,66.0,3.0,-26.83333333333333,-18.5,-38.0,-80.5,3.0,-16.333333333333332,0.0,-35.0,-49.0,3.0,-37.333333333333336,-23.0,-48.0,-112.0,3.0,-542.3333333333334,-185.0,-1176.0,-1627.0,3.0,5.0,10.0,1.0,15.0,3.0,0.4081632653061225,1.0,0.08163265306122447,1.2244897959183674,3.0,0.0,0.0,0.0,0.0,3.0,0.0,0.0,0.0,0.0,3.0,0.0,0.0,0.0,0.0,3.0,0.0,0.0,0.0,0.0,3.0,0.0,0.0,0.0,0.0,3.0,0.0,0.0,0.0,0.0,3.0,0.0,0.0,0.0,0.0,3.0,0.0,0.0,0.0,0.0,3.0,0.0,0.0,0.0,0.0,3.0,0.0,0.0,0.0,0.0,3.0,15.0,45.0,0.0,45.0,3.0,0.30612244897959184,0.9183673469387756,0.0,0.9183673469387756,3.0,2.0,6.0,0.0,6.0,3.0,0.2857142857142857,0.8571428571428571,0.0,0.8571428571428571
0,270000.0,790830.0,57676.5,675000.0,0.04622,-9994,-1796,-4668.0,-2661,1.0,1,1,0,1,0,1,1.0,1,1,11,0,1,1,0,0,0,0.6003959050009468,0.6850109901296888,0.524496446363472,,,,,,,,,,,,,,,,,,,,,,,,,,,,,,,,,,,,,,,,,,,,0.0,0.0,0.0,0.0,-849.0,0,0,0,0,0,0,1,0,0,0,0,0,0,0,0,0,0,0,0,0,0.0,0.0,0.0,1.0,0.0,1.0,1,0,0,1,0,1,0,1,0,0,0,0,0,0,1,0,0,0,1,0,0,0,0,1,0,0,0,0,0,0,1,0,0,1,0,0,0,0,0,0,0,0,0,0,0,0,0,0,0,0,0,0,0,0,0,0,0,0,0,0,0,0,1,0,0,0,0,0,0,0,0,0,0,0,0,0,0,0,0,0,0,0,0,0,0,0,0,0,0,0,0,0,0,0,1,0,0,0,0,0,0,0,0,0,0,0,0,0,0,0,0,0,0,0,0,0,0,0,0,0,0,0,0,0,0,0,0,0,0,0,0,0,0,0,0,0,0,1.0,-195.0,-195.0,-195.0,-195.0,1.0,0.0,0.0,0.0,0.0,1.0,913.0,913.0,913.0,913.0,0.0,,,,0.0,0.0,,,,0.0,1.0,0.0,0.0,0.0,0.0,1.0,675000.0,675000.0,675000.0,675000.0,1.0,0.0,0.0,0.0,0.0,1.0,0.0,0.0,0.0,0.0,1.0,0.0,0.0,0.0,0.0,1.0,-169.0,-169.0,-169.0,-169.0,0.0,,,,0.0,1.0,1.0,0.0,0.0,0.0,0.0,0.0,0.0,1.0,1.0,0.0,0.0,0.0,0.0,0.0,0.0,0.0,0.0,0.0,0.0,0.0,0.0,0.0,0.0,1.0,1.0,0.0,0.0,0.0,0.0,0.0,0.0,0.0,0.0,0.0,0.0,0.0,0.0,0.0,0.0,0.0,0.0,0.0,0.0,0.0,0.0,1.0,7.0,7.0,7.0,7.0,1.0,-3.0,-3.0,-3.0,-3.0,1.0,0.0,0.0,0.0,0.0,1.0,-6.0,-6.0,-6.0,-6.0,1.0,-21.0,-21.0,-21.0,-21.0,1.0,1.0,1.0,1.0,1.0,1.0,0.14285714285714285,0.14285714285714285,0.14285714285714285,0.14285714285714285,1.0,0.0,0.0,0.0,0.0,1.0,0.0,0.0,0.0,0.0,1.0,0.0,0.0,0.0,0.0,1.0,0.0,0.0,0.0,0.0,1.0,0.0,0.0,0.0,0.0,1.0,0.0,0.0,0.0,0.0,1.0,0.0,0.0,0.0,0.0,1.0,0.0,0.0,0.0,0.0,1.0,0.0,0.0,0.0,0.0,1.0,0.0,0.0,0.0,0.0,1.0,0.0,0.0,0.0,0.0,1.0,0.0,0.0,0.0,0.0,1.0,6.0,6.0,6.0,6.0,1.0,0.8571428571428571,0.8571428571428571,0.8571428571428571,0.8571428571428571
1,202500.0,1132573.5,37561.5,927000.0,0.025164,-14815,-1652,-2299.0,-2299,14.0,1,1,0,1,0,0,3.0,2,2,9,0,0,0,0,0,0,0.43770901984754174,0.2337669575081463,0.5424451438613613,,,,,,,,,,,,,,,,,,,,,,,,,,,,,,,,,,,,,,,,,,,,0.0,0.0,0.0,0.0,0.0,0,1,0,0,0,0,0,0,0,0,0,0,0,0,0,0,0,0,0,0,0.0,0.0,0.0,0.0,1.0,4.0,1,0,1,0,0,1,0,1,0,0,0,0,0,0,1,0,1,0,0,0,0,0,0,0,0,0,1,0,1,0,0,0,0,1,0,0,0,0,0,0,0,0,0,0,0,0,0,0,0,0,0,0,1,0,0,0,0,1,0,0,0,0,0,0,0,0,0,0,0,0,0,0,0,0,0,0,0,0,0,0,0,0,0,0,0,0,0,0,0,0,0,0,0,0,0,0,0,0,0,0,0,0,0,0,0,0,0,0,0,0,0,0,0,0,1,0,0,0,0,0,0,0,0,0,0,0,0,0,0,0,0,0,0,0,0,0,0,1.0,-700.0,-700.0,-700.0,-700.0,1.0,0.0,0.0,0.0,0.0,1.0,1124.0,1124.0,1124.0,1124.0,0.0,,,,0.0,0.0,,,,0.0,1.0,0.0,0.0,0.0,0.0,1.0,2452500.0,2452500.0,2452500.0,2452500.0,1.0,1886544.0,1886544.0,1886544.0,1886544.0,1.0,0.0,0.0,0.0,0.0,1.0,0.0,0.0,0.0,0.0,1.0,-49.0,-49.0,-49.0,-49.0,0.0,,,,0.0,1.0,1.0,0.0,0.0,0.0,0.0,0.0,0.0,1.0,1.0,0.0,0.0,0.0,0.0,0.0,0.0,0.0,0.0,0.0,0.0,0.0,0.0,1.0,1.0,0.0,0.0,0.0,0.0,0.0,0.0,0.0,0.0,0.0,0.0,0.0,0.0,0.0,0.0,0.0,0.0,0.0,0.0,0.0,0.0,0.0,0.0,,,,,,,,,,,,,,,,,,,,,,,,,,,,,,,,,,,,,,,,,,,,,,,,,,,,,,,,,,,,,,,,,,,,,,,,,,,,,,,,,,,,,,,,,,,,,,,,,,,,,,,,,
0,90000.0,225000.0,11074.5,225000.0,0.028663,-19334,-3494,-2419.0,-2893,,1,1,0,1,1,0,2.0,2,2,8,0,0,0,0,0,0,0.5619484093041138,0.6514056365297631,0.4614823912998385,0.0722,0.0147,0.9781,0.7008,0.001,0.0,0.1379,0.1667,0.0417,0.0498,0.0588,0.067,0.0,0.0,0.0735,0.0153,0.9782,0.7125,0.001,0.0,0.1379,0.1667,0.0417,0.0509,0.0643,0.0698,0.0,0.0,0.0729,0.0147,0.9781,0.7048,0.001,0.0,0.1379,0.1667,0.0417,0.0506,0.0599,0.0682,0.0,0.0,0.0533,0.0,0.0,0.0,0.0,0.0,0,1,0,0,0,0,0,0,0,0,0,0,0,0,0,0,0,0,0,0,0.0,0.0,0.0,0.0,0.0,0.0,1,0,1,0,1,0,0,1,0,0,0,0,0,0,1,0,0,0,0,0,0,1,0,0,0,0,1,0,1,0,0,0,0,1,0,0,0,0,0,1,0,0,0,0,0,0,0,0,0,0,0,0,0,0,0,0,0,0,1,0,0,0,0,0,0,0,0,0,1,0,0,0,0,0,0,0,0,0,0,0,0,0,0,0,0,0,0,0,0,0,0,0,0,0,0,0,0,0,0,0,0,0,0,0,0,0,0,0,0,0,0,0,0,0,0,0,0,0,0,0,0,0,0,1,0,1,0,0,0,0,0,0,0,1,0,1,0,6.0,-930.8333333333335,-418.0,-1547.0,-5585.0,6.0,0.0,0.0,0.0,0.0,5.0,-61.6,1409.0,-1173.0,-308.0,4.0,-624.0,-127.0,-1173.0,-2496.0,6.0,0.0,0.0,0.0,0.0,6.0,0.0,0.0,0.0,0.0,6.0,107238.495,508500.0,0.0,643430.9700000001,6.0,75273.75,432301.5,0.0,451642.5,6.0,4276.005,25656.03,0.0,25656.03,6.0,0.0,0.0,0.0,0.0,6.0,-411.16666666666674,-9.0,-1173.0,-2467.0,0.0,,,,0.0,2.0,0.3333333333333333,0.0,0.0,4.0,0.6666666666666666,0.0,0.0,6.0,1.0,0.0,0.0,0.0,0.0,0.0,0.0,0.0,0.0,0.0,0.0,0.0,0.0,4.0,0.6666666666666666,2.0,0.3333333333333333,0.0,0.0,0.0,0.0,0.0,0.0,0.0,0.0,0.0,0.0,0.0,0.0,0.0,0.0,0.0,0.0,0.0,0.0,0.0,0.0,,,,,,,,,,,,,,,,,,,,,,,,,,,,,,,,,,,,,,,,,,,,,,,,,,,,,,,,,,,,,,,,,,,,,,,,,,,,,,,,,,,,,,,,,,,,,,,,,,,,,,,,,
0,90000.0,180000.0,9000.0,180000.0,0.030755,-10341,-1010,-4799.0,-3015,,1,1,0,1,0,0,1.0,2,2,16,0,0,0,0,0,0,0.2979135090150507,0.5027790378786304,,0.1505,0.0838,0.9831,0.7688,0.0188,0.16,0.1379,0.3333,0.375,0.0872,0.121,0.1412,0.0077,0.0061,0.1534,0.087,0.9831,0.7779,0.019,0.1611,0.1379,0.3333,0.375,0.0892,0.1322,0.1471,0.0078,0.0065,0.152,0.0838,0.9831,0.7719,0.0189,0.16,0.1379,0.3333,0.375,0.0887,0.1231,0.1437,0.0078,0.0063,0.1227,0.0,0.0,0.0,0.0,-599.0,0,0,0,0,0,0,0,0,0,0,0,0,0,0,0,0,0,0,0,0,,,,,,,0,1,0,1,1,0,0,1,0,0,0,0,0,0,1,0,0,0,0,0,0,1,0,1,0,0,0,0,0,0,1,0,0,0,0,0,0,1,0,0,0,0,0,0,0,0,1,0,0,0,0,0,0,0,0,0,0,0,0,0,0,1,0,0,0,0,0,0,1,0,0,0,0,0,0,0,0,0,0,0,0,0,0,0,0,0,0,0,0,0,0,0,0,0,0,0,0,0,0,0,0,0,0,0,0,0,0,0,0,0,0,0,0,0,0,0,0,0,0,0,0,0,0,1,0,1,0,0,0,0,0,0,1,0,0,1,0,,,,,,,,,,,,,,,,,,,,,,,,,,,,,,,,,,,,,,,,,,,,,,,,,,,,,,,,,,,,,,,,,,,,,,,,,,,,,,,,,,,,,,,,,,,,,,,,,,,,,,,,,,,,,,,,,,,,,,,,,,,,,,,,,,,,,,,,,,,,,,,,,,,,,,,,,,,,,,,,,,,,,,,,,,,,,,,,,,,,,,,,,,,,,,,,,,,,,,,,,,,,,,,,,,,
0,180000.0,540000.0,27000.0,540000.0,0.025164,-16126,-1761,-8236.0,-4292,3.0,1,1,0,1,0,0,2.0,2,2,8,0,0,0,0,0,0,,0.7380532835697358,0.6058362647264226,0.0814,0.0994,0.9831,0.7688,0.0142,0.0,0.2069,0.1667,0.2083,0.1404,0.0656,0.0771,0.0039,0.0227,0.083,0.1032,0.9831,0.7779,0.0143,0.0,0.2069,0.1667,0.2083,0.1436,0.0716,0.0804,0.0039,0.0241,0.0822,0.0994,0.9831,0.7719,0.0143,0.0,0.2069,0.1667,0.2083,0.1429,0.0667,0.0785,0.0039,0.0232,0.0734,1.0,0.0,1.0,0.0,-540.0,0,0,0,0,0,0,0,0,0,0,0,0,0,0,0,0,0,0,0,0,0.0,0.0,0.0,1.0,0.0,1.0,0,1,0,1,0,1,0,1,0,0,0,0,0,0,1,0,0,0,0,0,0,1,0,1,0,0,0,0,1,0,0,0,0,1,0,0,0,0,0,0,0,0,0,0,0,0,0,0,1,0,0,0,0,0,0,0,0,0,0,0,0,1,0,0,0,0,0,0,1,0,0,0,0,0,0,0,0,0,0,0,0,0,0,0,0,0,0,0,0,0,0,0,0,0,0,0,0,0,0,0,0,0,0,0,0,0,0,0,0,0,0,0,0,0,0,0,0,0,0,0,0,0,1,0,0,1,0,0,0,0,0,0,0,1,0,1,0,4.0,-1493.25,-427.0,-2653.0,-5973.0,4.0,0.0,0.0,0.0,0.0,4.0,-247.75,915.0,-826.0,-991.0,3.0,-931.0,-369.0,-1341.0,-2793.0,0.0,,,,0.0,4.0,0.0,0.0,0.0,0.0,4.0,3159315.0,7957530.0,382500.0,12637260.0,4.0,0.0,0.0,0.0,0.0,4.0,0.0,0.0,0.0,0.0,4.0,0.0,0.0,0.0,0.0,4.0,-647.75,-9.0,-1331.0,-2591.0,0.0,,,,0.0,1.0,0.25,0.0,0.0,3.0,0.75,0.0,0.0,4.0,1.0,0.0,0.0,0.0,0.0,0.0,0.0,0.0,0.0,2.0,0.5,0.0,0.0,1.0,0.25,1.0,0.25,0.0,0.0,0.0,0.0,0.0,0.0,0.0,0.0,0.0,0.0,0.0,0.0,0.0,0.0,0.0,0.0,0.0,0.0,0.0,0.0,,,,,,,,,,,,,,,,,,,,,,,,,,,,,,,,,,,,,,,,,,,,,,,,,,,,,,,,,,,,,,,,,,,,,,,,,,,,,,,,,,,,,,,,,,,,,,,,,,,,,,,,,
1,360000.0,733315.5,39069.0,679500.0,0.015221,-11694,-2060,-3557.0,-3557,3.0,1,1,0,1,0,0,3.0,2,2,10,0,0,0,1,1,0,,0.32174489566177183,0.41184855592423975,,,,,,,,,,,,,,,,,,,,,,,,,,,,,,,,,,,,,,,,,,,,2.0,0.0,2.0,0.0,-697.0,0,0,0,0,0,0,1,0,0,0,0,0,0,0,0,0,0,0,0,0,0.0,0.0,0.0,0.0,1.0,1.0,1,0,0,1,0,1,1,0,0,0,0,0,0,0,1,0,1,0,0,0,0,0,0,0,0,0,1,0,1,0,0,0,0,1,0,0,0,0,0,0,0,0,1,0,0,0,0,0,0,0,0,0,0,0,0,0,0,0,0,0,1,0,0,0,0,0,0,0,0,0,0,0,0,0,0,0,0,0,0,0,0,0,0,0,0,0,0,0,0,0,0,0,0,0,0,0,0,0,0,0,0,0,0,0,0,1,0,0,0,0,0,0,0,0,0,0,0,0,0,0,0,0,0,0,0,0,0,0,0,0,0,0,0,0,0,0,0,9.0,-641.4444444444445,-90.0,-1485.0,-5773.0,9.0,0.0,0.0,0.0,0.0,8.0,126.625,1379.0,-1406.0,1013.0,5.0,-636.4,-123.0,-1406.0,-3182.0,0.0,,,,0.0,9.0,0.0,0.0,0.0,0.0,9.0,498788.0,2341746.0,0.0,4489092.0,7.0,348392.5714285714,1830429.0,0.0,2438748.0,2.0,0.0,0.0,0.0,0.0,9.0,0.0,0.0,0.0,0.0,9.0,-372.11111111111114,-20.0,-1406.0,-3349.0,0.0,,,,0.0,3.0,0.3333333333333333,0.0,0.0,5.0,0.5555555555555556,1.0,0.1111111111111111,9.0,1.0,0.0,0.0,0.0,0.0,0.0,0.0,0.0,0.0,2.0,0.2222222222222222,0.0,0.0,5.0,0.5555555555555556,2.0,0.2222222222222222,0.0,0.0,0.0,0.0,0.0,0.0,0.0,0.0,0.0,0.0,0.0,0.0,0.0,0.0,0.0,0.0,0.0,0.0,0.0,0.0,,,,,,,,,,,,,,,,,,,,,,,,,,,,,,,,,,,,,,,,,,,,,,,,,,,,,,,,,,,,,,,,,,,,,,,,,,,,,,,,,,,,,,,,,,,,,,,,,,,,,,,,,
0,99000.0,490495.5,27517.5,454500.0,0.035792000000000004,-16941,-1588,-4970.0,-477,,1,1,1,1,1,0,2.0,2,2,16,0,0,0,0,0,0,,0.3542247319929012,0.6212263380626669,,,,,,,,,,,,,,,,,,,,,,,,,,,,,,,,,,,,,,,,,,,,0.0,0.0,0.0,0.0,-2536.0,0,1,0,0,0,0,0,0,0,0,0,0,0,0,0,0,0,0,0,0,0.0,0.0,0.0,0.0,1.0,1.0,1,0,0,1,1,0,0,1,0,0,0,0,0,1,0,0,0,0,1,0,0,0,0,0,0,0,1,0,1,0,0,0,0,1,0,0,0,0,0,0,0,0,0,0,0,0,1,0,0,0,0,0,0,0,0,0,0,0,0,0,0,0,1,0,0,0,0,0,0,0,0,0,0,0,0,0,0,0,0,0,0,0,0,0,0,0,0,0,0,0,0,0,0,0,0,0,1,0,0,0,0,0,0,0,0,0,0,0,0,0,0,0,0,0,0,0,0,0,0,0,0,0,0,0,0,0,0,0,0,0,0,0,0,0,0,0,0,3.0,-757.3333333333335,-78.0,-1097.0,-2272.0,3.0,0.0,0.0,0.0,0.0,3.0,-391.33333333333326,471.0,-853.0,-1174.0,2.0,-909.0,-790.0,-1028.0,-1818.0,1.0,0.0,0.0,0.0,0.0,3.0,0.0,0.0,0.0,0.0,3.0,156148.5,267606.0,95134.5,468445.5,3.0,80019.0,240057.0,0.0,240057.0,3.0,0.0,0.0,0.0,0.0,3.0,0.0,0.0,0.0,0.0,3.0,-611.0,-16.0,-1027.0,-1833.0,0.0,,,,0.0,1.0,0.3333333333333333,0.0,0.0,2.0,0.6666666666666666,0.0,0.0,3.0,1.0,0.0,0.0,0.0,0.0,0.0,0.0,0.0,0.0,0.0,0.0,0.0,0.0,3.0,1.0,0.0,0.0,0.0,0.0,0.0,0.0,0.0,0.0,0.0,0.0,0.0,0.0,0.0,0.0,0.0,0.0,0.0,0.0,0.0,0.0,0.0,0.0,,,,,,,,,,,,,,,,,,,,,,,,,,,,,,,,,,,,,,,,,,,,,,,,,,,,,,,,,,,,,,,,,,,,,,,,,,,,,,,,,,,,,,,,,,,,,,,,,,,,,,,,,
0,135000.0,312682.5,29686.5,297000.0,0.008019,-19005,-3039,-9833.0,-2437,,1,1,0,1,0,0,2.0,2,2,17,0,0,0,0,0,0,,0.6504416904014653,,,,,,,,,,,,,,,,,,,,,,,,,,,,,,,,,,,,,,,,,,,,,2.0,0.0,2.0,0.0,-617.0,0,1,0,0,0,0,0,0,0,0,0,0,0,0,0,0,0,0,0,0,,,,,,,1,0,1,0,1,0,0,1,0,0,0,0,0,0,1,0,0,0,0,0,0,1,0,0,0,0,1,1,0,0,0,0,0,1,0,0,0,0,0,0,0,0,0,0,0,0,1,0,0,0,0,0,0,0,0,0,0,0,0,0,0,0,1,0,0,0,0,0,1,0,0,0,0,0,0,0,0,0,0,0,0,0,0,0,0,0,0,0,0,0,0,0,0,0,0,0,0,0,0,0,0,0,0,0,0,0,0,0,0,0,0,0,0,0,0,0,0,0,0,0,0,0,0,0,0,0,0,0,0,0,0,0,0,0,0,0,0,,,,,,,,,,,,,,,,,,,,,,,,,,,,,,,,,,,,,,,,,,,,,,,,,,,,,,,,,,,,,,,,,,,,,,,,,,,,,,,,,,,,,,,,,,,,,,,,,,,,,,,,,,,,,,,,,,,,,,,,,,,,,,,,,,,,,,,,,,,,,,,,,,,,,,,,,,,,,,,,,,,,,,,,,,,,,,,,,,,,,,,,,,,,,,,,,,,,,,,,,,,,,,,,,,,
1,81000.0,270000.0,13500.0,270000.0,0.010966,-9776,-191,-4143.0,-2427,,1,1,0,1,0,0,3.0,2,2,10,0,0,0,1,1,0,,0.6835133461914255,,,,,,,,,,,,,,,,,,,,,,,,,,,,,,,,,,,,,,,,,,,,,4.0,0.0,4.0,0.0,-2811.0,0,0,0,0,0,0,0,0,0,0,0,0,0,0,0,0,0,0,0,0,,,,,,,0,1,1,0,1,0,0,1,0,0,0,0,0,0,1,0,0,0,0,0,0,1,0,0,0,0,1,0,1,0,0,0,0,1,0,0,0,0,0,0,0,0,0,0,0,0,1,0,0,0,0,0,0,0,0,0,0,1,0,0,0,0,0,0,0,0,0,0,0,0,1,0,0,0,0,0,0,0,0,0,0,0,0,0,0,0,0,0,0,0,0,0,0,0,0,0,0,0,0,0,0,0,0,0,0,0,0,0,0,0,0,0,0,0,0,0,0,0,0,0,0,0,0,0,0,0,0,0,0,0,0,0,0,0,0,0,0,,,,,,,,,,,,,,,,,,,,,,,,,,,,,,,,,,,,,,,,,,,,,,,,,,,,,,,,,,,,,,,,,,,,,,,,,,,,,,,,,,,,,,,,,,,,,,,,,,,,,,,,,,,,,,,,,,,,,,,,,,,,,,,,,,,,,,,,,,,,,,,,,,,,,,,,,,,,,,,,,,,,,,,,,,,,,,,,,,,,,,,,,,,,,,,,,,,,,,,,,,,,,,,,,,,
1,112500.0,652500.0,21177.0,652500.0,0.0228,-10197,-679,-4427.0,-738,,1,1,0,1,0,0,3.0,2,2,15,0,0,0,0,0,0,0.3197601716755032,0.6518623334244781,0.363945238612397,,,,,,,,,,,,,,,,,,,,,,,,,,,,,,,,,,,,,,,,,,,,0.0,0.0,0.0,0.0,-844.0,0,1,0,0,0,0,0,0,0,0,0,0,0,0,0,0,0,0,0,0,0.0,0.0,0.0,1.0,0.0,0.0,1,0,1,0,1,0,0,1,0,0,0,0,0,0,1,0,0,0,0,0,0,1,0,1,0,0,0,0,1,0,0,0,0,1,0,0,0,0,0,0,0,1,0,0,0,0,0,0,0,0,0,0,0,0,0,0,0,0,1,0,0,0,0,0,0,0,0,0,0,0,0,0,0,0,0,0,0,0,0,0,0,0,0,0,0,0,0,0,0,0,0,0,0,1,0,0,0,0,0,0,0,0,0,0,0,0,0,0,0,0,0,0,0,0,0,0,0,0,0,0,0,0,0,0,0,0,0,0,0,0,0,0,0,0,0,0,0,8.0,-1095.375,-376.0,-2308.0,-8763.0,8.0,0.0,0.0,0.0,0.0,8.0,-387.375,723.0,-2004.0,-3099.0,6.0,-821.3333333333335,-346.0,-1992.0,-4928.0,6.0,3726.3525,12752.28,0.0,22358.115,8.0,0.0,0.0,0.0,0.0,8.0,341241.553125,900000.0,26194.5,2729932.425,5.0,151642.8,420201.0,0.0,758214.0,5.0,0.0,0.0,0.0,0.0,8.0,0.0,0.0,0.0,0.0,8.0,-615.875,-25.0,-1991.0,-4927.0,0.0,,,,0.0,2.0,0.25,0.0,0.0,6.0,0.75,0.0,0.0,8.0,1.0,0.0,0.0,0.0,0.0,0.0,0.0,0.0,0.0,0.0,0.0,0.0,0.0,8.0,1.0,0.0,0.0,0.0,0.0,0.0,0.0,0.0,0.0,0.0,0.0,0.0,0.0,0.0,0.0,0.0,0.0,0.0,0.0,0.0,0.0,0.0,0.0,,,,,,,,,,,,,,,,,,,,,,,,,,,,,,,,,,,,,,,,,,,,,,,,,,,,,,,,,,,,,,,,,,,,,,,,,,,,,,,,,,,,,,,,,,,,,,,,,,,,,,,,,
0,67500.0,135000.0,6750.0,135000.0,0.010032,-19046,-225,-4260.0,-2531,26.0,1,1,1,1,1,0,1.0,2,2,9,0,0,0,0,0,0,,0.5559120833904428,0.7295666907060153,,,,,,,,,,,,,,,,,,,,,,,,,,,,,,,,,,,,,,,,,,,,0.0,0.0,0.0,0.0,-815.0,0,0,0,0,0,0,0,0,0,0,0,0,0,0,0,0,0,0,0,0,0.0,0.0,0.0,0.0,0.0,0.0,0,1,0,1,0,1,0,1,0,0,0,0,0,0,1,0,0,0,0,0,0,1,0,0,0,0,1,0,0,0,1,0,0,1,0,0,0,0,0,0,0,0,0,0,0,0,1,0,0,0,0,0,0,0,0,0,0,1,0,0,0,0,0,0,0,0,0,0,0,0,0,0,0,0,1,0,0,0,0,0,0,0,0,0,0,0,0,0,0,0,0,0,0,0,0,0,0,0,0,0,0,0,0,0,0,0,0,0,0,0,0,0,0,0,0,0,0,0,0,0,0,0,0,0,0,0,0,0,0,0,0,0,0,0,0,0,0,2.0,-867.0,-408.0,-1326.0,-1734.0,2.0,0.0,0.0,0.0,0.0,2.0,-488.5,-382.0,-595.0,-977.0,2.0,-532.5,-382.0,-683.0,-1065.0,1.0,0.0,0.0,0.0,0.0,2.0,0.0,0.0,0.0,0.0,2.0,94518.9,94537.8,94500.0,189037.8,2.0,0.0,0.0,0.0,0.0,2.0,0.0,0.0,0.0,0.0,2.0,0.0,0.0,0.0,0.0,2.0,-532.0,-382.0,-682.0,-1064.0,0.0,,,,0.0,0.0,0.0,0.0,0.0,2.0,1.0,0.0,0.0,2.0,1.0,0.0,0.0,0.0,0.0,0.0,0.0,0.0,0.0,0.0,0.0,0.0,0.0,2.0,1.0,0.0,0.0,0.0,0.0,0.0,0.0,0.0,0.0,0.0,0.0,0.0,0.0,0.0,0.0,0.0,0.0,0.0,0.0,0.0,0.0,0.0,0.0,,,,,,,,,,,,,,,,,,,,,,,,,,,,,,,,,,,,,,,,,,,,,,,,,,,,,,,,,,,,,,,,,,,,,,,,,,,,,,,,,,,,,,,,,,,,,,,,,,,,,,,,,
0,108000.0,746280.0,42970.5,675000.0,0.010966,-23548,365243,-5745.0,-4576,,1,0,0,1,0,0,1.0,2,2,9,0,0,0,0,0,0,,0.7661378050275851,0.6848276586890367,0.2186,0.1232,0.9851,0.7959999999999999,0.0528,0.24,0.2069,0.3333,0.375,0.1154,0.1774,0.2113,0.0039,0.0051,0.2227,0.1279,0.9851,0.804,0.0533,0.2417,0.2069,0.3333,0.375,0.1181,0.1938,0.2202,0.0039,0.0054,0.2207,0.1232,0.9851,0.7987,0.0531,0.24,0.2069,0.3333,0.375,0.1175,0.1804,0.2151,0.0039,0.0052,0.1903,0.0,0.0,0.0,0.0,-491.0,0,1,0,0,0,0,0,0,0,0,0,0,0,0,0,0,0,0,0,0,0.0,0.0,0.0,0.0,0.0,3.0,1,0,1,0,1,0,0,1,0,0,0,0,0,0,1,0,0,1,0,0,0,0,0,1,0,0,0,0,0,0,1,0,0,1,0,0,0,0,0,0,0,0,0,0,0,0,0,0,0,0,0,0,0,0,0,0,0,0,0,0,0,0,1,0,0,0,0,0,0,0,0,0,0,0,0,0,0,0,0,0,0,0,0,0,0,0,0,0,0,0,0,0,0,0,0,0,0,0,0,0,0,0,0,0,0,0,0,0,0,0,0,0,0,0,0,0,0,0,0,0,1,0,0,0,1,1,0,0,0,0,0,0,1,0,0,1,0,3.0,-2025.0,-694.0,-2702.0,-6075.0,3.0,0.0,0.0,0.0,0.0,3.0,-1470.333333333333,189.0,-2305.0,-4411.0,3.0,-1612.0,-145.0,-2357.0,-4836.0,0.0,,,,0.0,3.0,0.0,0.0,0.0,0.0,3.0,247580.46,450000.0,135459.0,742741.38,3.0,0.0,0.0,0.0,0.0,2.0,0.0,0.0,0.0,0.0,3.0,0.0,0.0,0.0,0.0,3.0,-1107.3333333333333,-135.0,-2315.0,-3322.0,2.0,0.0,0.0,0.0,0.0,0.0,0.0,0.0,0.0,3.0,1.0,0.0,0.0,3.0,1.0,0.0,0.0,0.0,0.0,0.0,0.0,0.0,0.0,0.0,0.0,0.0,0.0,3.0,1.0,0.0,0.0,0.0,0.0,0.0,0.0,0.0,0.0,0.0,0.0,0.0,0.0,0.0,0.0,0.0,0.0,0.0,0.0,0.0,0.0,0.0,0.0,3.0,67.0,89.0,23.0,201.0,3.0,-33.0,-11.0,-44.0,-99.0,3.0,0.0,0.0,0.0,0.0,3.0,-66.0,-22.0,-88.0,-198.0,3.0,-2695.0,-253.0,-3916.0,-8085.0,3.0,7.333333333333332,11.0,0.0,22.0,3.0,0.20061879172773164,0.4782608695652174,0.0,0.6018563751831949,3.0,0.0,0.0,0.0,0.0,3.0,0.0,0.0,0.0,0.0,3.0,0.0,0.0,0.0,0.0,3.0,0.0,0.0,0.0,0.0,3.0,0.0,0.0,0.0,0.0,3.0,0.0,0.0,0.0,0.0,3.0,0.0,0.0,0.0,0.0,3.0,0.0,0.0,0.0,0.0,3.0,0.0,0.0,0.0,0.0,3.0,0.0,0.0,0.0,0.0,3.0,27.66666666666667,78.0,0.0,83.0,3.0,0.36459859957661617,0.8764044943820225,0.0,1.0937957987298486,3.0,32.0,89.0,0.0,96.0,3.0,0.43478260869565216,1.0,0.0,1.3043478260869563
1,171000.0,1560726.0,41301.0,1395000.0,0.035792000000000004,-13778,-3130,-1213.0,-619,17.0,1,1,0,1,1,0,3.0,2,2,16,0,0,0,0,0,0,0.7747614130547695,0.7239998516953141,0.4920600938649263,,,,,,,,,,,,,,,,,,,,,,,,,,,,,,,,,,,,,,,,,,,,1.0,0.0,1.0,0.0,-1562.0,0,0,0,0,0,0,1,0,0,0,0,0,1,0,0,0,0,0,0,0,0.0,0.0,0.0,1.0,1.0,2.0,1,0,1,0,0,1,0,1,0,0,0,0,0,0,1,0,1,0,0,0,0,0,0,1,0,0,0,0,1,0,0,0,0,1,0,0,0,0,1,0,0,0,0,0,0,0,0,0,0,0,0,0,0,0,0,0,0,0,0,1,0,0,0,0,0,0,0,0,1,0,0,0,0,0,0,0,0,0,0,0,0,0,0,0,0,0,0,0,0,0,0,0,0,0,0,0,0,0,0,0,0,0,0,0,0,0,0,0,0,0,0,0,0,0,0,0,0,0,0,0,0,0,0,0,0,0,0,0,0,0,0,0,0,0,0,0,0,18.0,-1271.5,-239.0,-2882.0,-22887.0,18.0,0.0,0.0,0.0,0.0,16.0,-794.9375,1402.0,-2152.0,-12719.0,14.0,-1108.5,-313.0,-2152.0,-15519.0,4.0,0.0,0.0,0.0,0.0,18.0,0.0,0.0,0.0,0.0,18.0,266711.75,1777500.0,35770.5,4800811.5,14.0,76953.53571428571,557959.5,0.0,1077349.5,11.0,0.0,0.0,0.0,0.0,18.0,0.0,0.0,0.0,0.0,18.0,-851.6111111111112,-23.0,-2152.0,-15329.0,0.0,,,,0.0,4.0,0.2222222222222222,0.0,0.0,14.0,0.7777777777777778,0.0,0.0,18.0,1.0,0.0,0.0,0.0,0.0,0.0,0.0,0.0,0.0,0.0,0.0,0.0,0.0,16.0,0.8888888888888888,2.0,0.1111111111111111,0.0,0.0,0.0,0.0,0.0,0.0,0.0,0.0,0.0,0.0,0.0,0.0,0.0,0.0,0.0,0.0,0.0,0.0,0.0,0.0,,,,,,,,,,,,,,,,,,,,,,,,,,,,,,,,,,,,,,,,,,,,,,,,,,,,,,,,,,,,,,,,,,,,,,,,,,,,,,,,,,,,,,,,,,,,,,,,,,,,,,,,,
0,38419.155,148365.0,10678.5,135000.0,0.015221,-20417,365243,-5246.0,-2512,,1,0,0,1,1,0,2.0,2,2,7,0,0,0,0,0,0,0.7220444501416448,0.5551831615131809,0.6528965519806539,,,,,,,,,,,,,,,,,,,,,,,,,,,,,,,,,,,,,,,,,,,,0.0,0.0,0.0,0.0,-2396.0,0,0,0,0,1,0,0,0,0,0,0,0,0,0,0,0,0,0,0,0,0.0,0.0,0.0,0.0,0.0,2.0,1,0,1,0,1,0,0,1,1,0,0,0,0,0,0,0,0,1,0,0,0,0,0,0,0,0,1,0,1,0,0,0,0,1,0,0,0,0,0,0,0,0,0,0,0,0,0,0,0,0,0,0,0,0,0,0,1,0,0,0,0,0,0,0,0,0,0,0,0,0,0,0,0,0,0,0,0,0,0,0,0,0,0,0,0,0,0,0,0,0,0,0,0,0,0,0,0,0,0,0,0,0,0,0,0,0,0,0,0,0,0,0,0,0,0,0,0,0,0,0,1,0,0,0,0,0,0,0,0,0,0,0,0,0,0,0,0,4.0,-947.75,-319.0,-1409.0,-3791.0,4.0,0.0,0.0,0.0,0.0,4.0,-598.25,-16.0,-1045.0,-2393.0,4.0,-555.5,-8.0,-907.0,-2222.0,0.0,,,,0.0,4.0,0.0,0.0,0.0,0.0,4.0,102373.875,131103.0,89752.5,409495.5,1.0,0.0,0.0,0.0,0.0,1.0,0.0,0.0,0.0,0.0,4.0,0.0,0.0,0.0,0.0,4.0,-551.25,-3.0,-904.0,-2205.0,0.0,,,,0.0,0.0,0.0,0.0,0.0,4.0,1.0,0.0,0.0,4.0,1.0,0.0,0.0,0.0,0.0,0.0,0.0,0.0,0.0,0.0,0.0,0.0,0.0,4.0,1.0,0.0,0.0,0.0,0.0,0.0,0.0,0.0,0.0,0.0,0.0,0.0,0.0,0.0,0.0,0.0,0.0,0.0,0.0,0.0,0.0,0.0,0.0,,,,,,,,,,,,,,,,,,,,,,,,,,,,,,,,,,,,,,,,,,,,,,,,,,,,,,,,,,,,,,,,,,,,,,,,,,,,,,,,,,,,,,,,,,,,,,,,,,,,,,,,,
0,112500.0,157500.0,7875.0,157500.0,0.04622,-17718,-7804,-8751.0,-1259,,1,1,0,1,1,0,1.0,1,1,13,0,0,0,0,0,0,,0.7064284028871654,0.5567274263630174,0.0278,0.0617,0.9881,0.8368,0.0018,0.0,0.1034,0.0833,0.125,0.0279,0.0227,0.029,0.0,0.0,0.0284,0.064,0.9881,0.8432,0.0018,0.0,0.1034,0.0833,0.125,0.0286,0.0248,0.0302,0.0,0.0,0.0281,0.0617,0.9881,0.8390000000000001,0.0018,0.0,0.1034,0.0833,0.125,0.0284,0.0231,0.0295,0.0,0.0,0.0238,8.0,0.0,8.0,0.0,-239.0,0,1,0,0,0,0,0,0,0,0,0,0,0,0,0,0,0,0,0,0,0.0,0.0,0.0,0.0,0.0,0.0,0,1,1,0,1,0,0,1,0,0,0,1,0,0,0,0,0,0,0,0,0,1,0,0,0,0,1,0,0,0,0,1,0,1,0,0,0,0,0,0,0,0,0,0,0,0,1,0,0,0,0,0,0,0,0,0,1,0,0,0,0,0,0,0,0,0,0,0,0,0,0,0,0,0,0,0,1,0,0,0,0,0,0,0,0,0,0,0,0,0,0,0,0,0,0,0,0,0,0,0,0,0,0,0,0,0,0,0,0,0,0,0,0,0,0,0,0,0,0,0,0,0,0,1,0,1,0,0,0,0,0,0,0,1,0,1,0,2.0,-337.0,-289.0,-385.0,-674.0,2.0,0.0,0.0,0.0,0.0,2.0,940.0,1439.0,441.0,1880.0,0.0,,,,0.0,1.0,0.0,0.0,0.0,0.0,2.0,0.0,0.0,0.0,0.0,2.0,528750.0,765000.0,292500.0,1057500.0,1.0,205276.5,205276.5,205276.5,205276.5,1.0,0.0,0.0,0.0,0.0,2.0,0.0,0.0,0.0,0.0,2.0,-28.0,-18.0,-38.0,-56.0,0.0,,,,0.0,2.0,1.0,0.0,0.0,0.0,0.0,0.0,0.0,2.0,1.0,0.0,0.0,0.0,0.0,0.0,0.0,0.0,0.0,0.0,0.0,0.0,0.0,2.0,1.0,0.0,0.0,0.0,0.0,0.0,0.0,0.0,0.0,0.0,0.0,0.0,0.0,0.0,0.0,0.0,0.0,0.0,0.0,0.0,0.0,0.0,0.0,,,,,,,,,,,,,,,,,,,,,,,,,,,,,,,,,,,,,,,,,,,,,,,,,,,,,,,,,,,,,,,,,,,,,,,,,,,,,,,,,,,,,,,,,,,,,,,,,,,,,,,,,
0,202500.0,406597.5,24700.5,351000.0,0.018801,-9461,-637,-3648.0,-2120,,1,1,0,1,1,0,1.0,2,2,10,0,0,0,0,0,0,0.08303696739132256,0.2629485927471776,0.13937578009978951,0.0247,0.0369,0.9722,0.6192,0.0143,0.0,0.069,0.0833,0.125,0.0369,0.0202,0.019,0.0,0.0,0.0252,0.0383,0.9722,0.6341,0.0144,0.0,0.069,0.0833,0.125,0.0377,0.022,0.0198,0.0,0.0,0.025,0.0369,0.9722,0.6243,0.0144,0.0,0.069,0.0833,0.125,0.0375,0.0205,0.0193,0.0,0.0,0.0149,2.0,2.0,2.0,2.0,-1134.0,0,1,0,0,0,0,0,0,0,0,0,0,0,0,0,0,0,0,0,0,0.0,0.0,0.0,0.0,0.0,1.0,1,0,0,1,1,0,0,1,0,0,0,0,0,0,1,0,0,0,0,0,0,1,0,0,0,0,1,0,0,0,1,0,0,1,0,0,0,0,0,0,0,0,0,0,0,0,1,0,0,0,0,0,0,0,0,0,0,0,0,0,0,0,1,0,0,0,0,0,1,0,0,0,0,0,0,0,0,0,0,0,0,0,0,0,0,0,0,0,0,0,0,0,0,0,0,0,0,0,0,0,0,0,0,0,0,0,0,0,0,0,0,0,0,0,0,0,0,0,0,0,0,0,0,1,0,1,0,0,0,0,0,0,0,1,0,1,0,8.0,-874.0,-103.0,-1437.0,-6992.0,8.0,0.0,0.0,0.0,0.0,6.0,-349.0,780.0,-1072.0,-2094.0,6.0,-697.5,-36.0,-1185.0,-4185.0,5.0,1681.029,5043.645,0.0,8405.145,8.0,0.0,0.0,0.0,0.0,8.0,108131.945625,450000.0,0.0,865055.565,5.0,49156.2,245781.0,0.0,245781.0,4.0,7997.14125,31988.565,0.0,31988.565,8.0,0.0,0.0,0.0,0.0,8.0,-499.875,-7.0,-1185.0,-3999.0,7.0,0.0,0.0,0.0,0.0,2.0,0.25,0.0,0.0,6.0,0.75,0.0,0.0,8.0,1.0,0.0,0.0,0.0,0.0,0.0,0.0,0.0,0.0,0.0,0.0,0.0,0.0,4.0,0.5,4.0,0.5,0.0,0.0,0.0,0.0,0.0,0.0,0.0,0.0,0.0,0.0,0.0,0.0,0.0,0.0,0.0,0.0,0.0,0.0,0.0,0.0,8.0,13.75,22.0,4.0,110.0,8.0,-21.875,-1.5,-39.5,-175.0,8.0,-15.5,0.0,-32.0,-124.0,8.0,-28.25,-3.0,-47.0,-226.0,8.0,-337.625,-6.0,-632.0,-2701.0,8.0,5.625,18.0,2.0,45.0,8.0,0.4069602272727273,0.8181818181818182,0.1875,3.2556818181818183,8.0,3.375,6.0,0.0,27.0,8.0,0.2556818181818182,0.5,0.0,2.0454545454545454,8.0,0.0,0.0,0.0,0.0,8.0,0.0,0.0,0.0,0.0,8.0,0.0,0.0,0.0,0.0,8.0,0.0,0.0,0.0,0.0,8.0,0.0,0.0,0.0,0.0,8.0,0.0,0.0,0.0,0.0,8.0,0.0,0.0,0.0,0.0,8.0,0.0,0.0,0.0,0.0,8.0,2.875,13.0,0.0,23.0,8.0,0.17542613636363635,0.8125,0.0,1.4034090909090908,8.0,1.875,3.0,0.0,15.0,8.0,0.16193181818181818,0.5,0.0,1.2954545454545454
0,157500.0,299772.0,20160.0,247500.0,0.020713,-8728,-1157,-3494.0,-1368,17.0,1,1,0,1,0,0,1.0,3,3,6,0,0,0,1,1,0,0.11563433726229973,0.34663398139668,0.6785676886853644,,,,,,,,,,,,,,,,,,,,,,,,,,,,,,,,,,,,,,,,,,,,0.0,0.0,0.0,0.0,-925.0,0,0,0,0,0,0,1,0,0,0,0,0,0,0,0,0,0,0,0,0,0.0,0.0,0.0,0.0,0.0,1.0,1,0,0,1,0,1,0,1,0,1,0,0,0,0,0,0,0,0,0,0,0,1,0,0,0,0,1,0,0,0,1,0,0,0,0,0,1,0,0,0,0,0,0,0,0,0,1,0,0,0,0,0,0,0,0,0,0,0,1,0,0,0,0,0,0,0,0,1,0,0,0,0,0,0,0,0,0,0,0,0,0,0,0,0,0,0,0,0,0,0,0,0,0,0,0,0,0,0,0,0,0,0,0,0,0,0,0,0,0,0,0,0,0,0,0,0,0,0,0,0,0,0,0,0,0,0,0,0,0,0,0,0,0,0,0,0,0,2.0,-495.0,-495.0,-495.0,-990.0,2.0,0.0,0.0,0.0,0.0,2.0,5441.0,10463.0,419.0,10882.0,0.0,,,,0.0,2.0,0.0,0.0,0.0,0.0,2.0,0.0,0.0,0.0,0.0,2.0,360000.0,450000.0,270000.0,720000.0,2.0,122735.07,245470.14,0.0,245470.14,2.0,135000.0,270000.0,0.0,270000.0,2.0,0.0,0.0,0.0,0.0,2.0,-26.5,-7.0,-46.0,-53.0,2.0,27000.0,27000.0,27000.0,54000.0,2.0,1.0,0.0,0.0,0.0,0.0,0.0,0.0,2.0,1.0,0.0,0.0,0.0,0.0,0.0,0.0,0.0,0.0,0.0,0.0,0.0,0.0,1.0,0.5,1.0,0.5,0.0,0.0,0.0,0.0,0.0,0.0,0.0,0.0,0.0,0.0,0.0,0.0,0.0,0.0,0.0,0.0,0.0,0.0,0.0,0.0,2.0,17.0,17.0,17.0,34.0,2.0,-8.0,-8.0,-8.0,-16.0,2.0,0.0,0.0,0.0,0.0,2.0,-16.0,-16.0,-16.0,-32.0,2.0,-136.0,-136.0,-136.0,-272.0,2.0,16.0,16.0,16.0,32.0,2.0,0.9411764705882352,0.9411764705882352,0.9411764705882352,1.8823529411764703,2.0,0.0,0.0,0.0,0.0,2.0,0.0,0.0,0.0,0.0,2.0,0.0,0.0,0.0,0.0,2.0,0.0,0.0,0.0,0.0,2.0,0.0,0.0,0.0,0.0,2.0,0.0,0.0,0.0,0.0,2.0,0.0,0.0,0.0,0.0,2.0,0.0,0.0,0.0,0.0,2.0,0.0,0.0,0.0,0.0,2.0,0.0,0.0,0.0,0.0,2.0,0.0,0.0,0.0,0.0,2.0,0.0,0.0,0.0,0.0,2.0,1.0,1.0,1.0,2.0,2.0,0.05882352941176471,0.05882352941176471,0.05882352941176471,0.1176470588235294
0,202500.0,1193580.0,35028.0,855000.0,0.025164,-17482,-1262,-1182.0,-1029,,1,1,0,1,0,0,2.0,2,2,9,0,0,0,0,0,0,,0.30684058604830505,0.3201633668633456,0.1309,0.125,0.996,0.9456,0.0822,0.16,0.1379,0.25,0.2917,0.0142,0.1059,0.1267,0.0039,0.0078,0.1334,0.1297,0.996,0.9477,0.083,0.1611,0.1379,0.25,0.2917,0.0145,0.1157,0.132,0.0039,0.0082,0.1322,0.125,0.996,0.9463,0.0827,0.16,0.1379,0.25,0.2917,0.0144,0.1077,0.129,0.0039,0.0079,0.1463,0.0,0.0,0.0,0.0,-1075.0,0,1,0,0,0,0,0,0,0,0,0,0,0,0,0,0,0,0,0,0,0.0,0.0,0.0,2.0,0.0,4.0,1,0,0,1,1,0,0,1,0,0,0,0,0,0,1,0,1,0,0,0,0,0,0,0,0,0,1,0,1,0,0,0,0,1,0,0,0,0,0,0,0,0,0,0,0,0,1,0,0,0,0,0,0,0,0,0,0,0,0,0,0,1,0,0,0,0,0,0,1,0,0,0,0,0,0,0,0,0,0,0,0,0,0,0,0,0,0,0,0,0,0,0,0,0,0,0,0,0,0,0,0,0,0,0,0,0,0,0,0,0,0,0,0,0,0,0,0,0,0,0,0,0,1,0,0,1,0,0,0,0,0,0,0,1,0,1,0,5.0,-1104.8,-420.0,-2055.0,-5524.0,5.0,0.0,0.0,0.0,0.0,5.0,1301.0,4284.0,-960.0,6505.0,2.0,-698.5,-420.0,-977.0,-1397.0,2.0,6759.3375,13518.675,0.0,13518.675,5.0,0.0,0.0,0.0,0.0,5.0,1905526.8,4045500.0,630000.0,9527634.0,4.0,805114.125,2528203.5,0.0,3220456.5,4.0,0.0,0.0,0.0,0.0,5.0,0.0,0.0,0.0,0.0,5.0,-444.6,-20.0,-1140.0,-2223.0,0.0,,,,0.0,3.0,0.6,0.0,0.0,2.0,0.4,0.0,0.0,5.0,1.0,0.0,0.0,0.0,0.0,0.0,0.0,0.0,0.0,0.0,0.0,0.0,0.0,3.0,0.6,1.0,0.2,0.0,0.0,0.0,0.0,0.0,0.0,0.0,0.0,0.0,0.0,0.0,0.0,0.0,0.0,1.0,0.2,0.0,0.0,0.0,0.0,,,,,,,,,,,,,,,,,,,,,,,,,,,,,,,,,,,,,,,,,,,,,,,,,,,,,,,,,,,,,,,,,,,,,,,,,,,,,,,,,,,,,,,,,,,,,,,,,,,,,,,,,
0,121500.0,454500.0,15151.5,454500.0,0.030755,-21077,-1288,-5474.0,-4270,,1,1,0,1,1,0,2.0,2,2,10,0,0,0,0,1,1,0.8045861213121414,0.7197985370372056,0.722392890081304,,,,,,,,,,,,,,,,,,,,,,,,,,,,,,,,,,,,,,,,,,,,0.0,0.0,0.0,0.0,-1541.0,0,1,0,0,0,0,0,0,0,0,0,0,0,0,0,0,0,0,0,0,0.0,0.0,0.0,1.0,0.0,0.0,1,0,0,1,1,0,0,1,0,0,0,0,0,0,1,0,0,0,0,0,0,1,0,0,0,0,1,0,1,0,0,0,0,1,0,0,0,0,0,0,0,0,1,0,0,0,0,0,0,0,0,0,0,0,0,0,1,0,0,0,0,0,0,0,0,0,0,0,0,0,0,0,0,0,0,0,0,0,0,0,0,0,0,0,0,0,0,0,0,0,0,0,0,0,0,0,0,0,0,0,0,0,0,0,0,0,0,0,0,0,0,0,0,0,0,0,0,0,1,0,0,0,0,0,0,0,0,0,0,0,0,0,0,0,0,0,0,11.0,-1552.090909090909,-83.0,-2729.0,-17073.0,11.0,0.0,0.0,0.0,0.0,11.0,-407.8181818181818,1178.0,-2433.0,-4486.0,5.0,-1604.4,-970.0,-2493.0,-8022.0,7.0,6677.6335714285715,18406.935,0.0,46743.435,11.0,0.0,0.0,0.0,0.0,11.0,211790.40545454546,900000.0,15570.0,2329694.46,9.0,127529.4,648292.5,-130.005,1147764.6,9.0,74023.21,418630.005,0.0,666208.89,11.0,0.0,0.0,0.0,0.0,11.0,-876.1818181818181,-11.0,-2493.0,-9638.0,0.0,,,,0.0,6.0,0.5454545454545454,0.0,0.0,5.0,0.4545454545454545,0.0,0.0,11.0,1.0,0.0,0.0,0.0,0.0,0.0,0.0,0.0,0.0,0.0,0.0,0.0,0.0,7.0,0.6363636363636364,4.0,0.3636363636363637,0.0,0.0,0.0,0.0,0.0,0.0,0.0,0.0,0.0,0.0,0.0,0.0,0.0,0.0,0.0,0.0,0.0,0.0,0.0,0.0,,,,,,,,,,,,,,,,,,,,,,,,,,,,,,,,,,,,,,,,,,,,,,,,,,,,,,,,,,,,,,,,,,,,,,,,,,,,,,,,,,,,,,,,,,,,,,,,,,,,,,,,,
0,360000.0,1530000.0,42075.0,1530000.0,0.0031219999999999998,-18850,-449,-4597.0,-2379,8.0,1,1,1,1,0,0,2.0,3,3,16,0,0,0,0,1,1,,0.7142792864482229,0.5406544504453575,,,,,,,,,,,,,,,,,,,,,,,,,,,,,,,,,,,,,,,,,,,,2.0,0.0,2.0,0.0,-1070.0,0,1,0,0,0,0,0,0,0,0,0,0,0,0,0,0,0,0,0,0,0.0,0.0,0.0,0.0,0.0,0.0,1,0,0,1,0,1,0,1,0,0,0,0,0,0,1,0,0,0,1,0,0,0,0,1,0,0,0,0,1,0,0,0,0,1,0,0,0,0,0,0,0,0,0,0,0,0,0,0,1,0,0,0,0,0,0,0,0,1,0,0,0,0,0,0,0,0,0,0,0,0,0,0,0,0,0,0,0,0,0,0,0,0,0,0,0,0,0,0,0,0,0,0,0,0,0,0,1,0,0,0,0,0,0,0,0,0,0,0,0,0,0,0,0,0,0,0,0,0,0,0,0,0,0,0,0,0,0,0,0,0,0,0,0,0,0,0,0,2.0,-1939.5,-1138.0,-2741.0,-3879.0,2.0,0.0,0.0,0.0,0.0,2.0,-119.5,689.0,-928.0,-239.0,1.0,-1138.0,-1138.0,-1138.0,-1138.0,0.0,,,,0.0,2.0,0.0,0.0,0.0,0.0,2.0,495000.0,675000.0,315000.0,990000.0,2.0,174003.75,348007.5,0.0,348007.5,1.0,0.0,0.0,0.0,0.0,2.0,0.0,0.0,0.0,0.0,2.0,-578.0,-18.0,-1138.0,-1156.0,0.0,,,,0.0,1.0,0.5,0.0,0.0,1.0,0.5,0.0,0.0,2.0,1.0,0.0,0.0,0.0,0.0,0.0,0.0,0.0,0.0,0.0,0.0,0.0,0.0,1.0,0.5,0.0,0.0,0.0,0.0,1.0,0.5,0.0,0.0,0.0,0.0,0.0,0.0,0.0,0.0,0.0,0.0,0.0,0.0,0.0,0.0,0.0,0.0,2.0,36.0,36.0,36.0,72.0,2.0,-46.0,-19.5,-72.5,-92.0,2.0,-28.5,-2.0,-55.0,-57.0,2.0,-63.5,-37.0,-90.0,-127.0,2.0,-1656.0,-702.0,-2610.0,-3312.0,2.0,10.0,10.0,10.0,20.0,2.0,0.2777777777777778,0.2777777777777778,0.2777777777777778,0.5555555555555556,2.0,0.0,0.0,0.0,0.0,2.0,0.0,0.0,0.0,0.0,2.0,0.0,0.0,0.0,0.0,2.0,0.0,0.0,0.0,0.0,2.0,0.0,0.0,0.0,0.0,2.0,0.0,0.0,0.0,0.0,2.0,0.0,0.0,0.0,0.0,2.0,0.0,0.0,0.0,0.0,2.0,0.0,0.0,0.0,0.0,2.0,0.0,0.0,0.0,0.0,2.0,26.0,26.0,26.0,52.0,2.0,0.7222222222222222,0.7222222222222222,0.7222222222222222,1.4444444444444444,2.0,0.0,0.0,0.0,0.0,2.0,0.0,0.0,0.0,0.0
0,67500.0,80865.0,5881.5,67500.0,0.031329,-13439,-2717,-311.0,-3227,,1,1,1,1,1,0,2.0,2,2,10,0,0,0,0,0,0,0.4648311169632833,0.7150418188660659,0.1766525794312139,0.0825,,0.9811,,,0.0,0.2069,0.1667,,0.0135,,0.0778,,0.0,0.084,,0.9811,,,0.0,0.2069,0.1667,,0.0138,,0.081,,0.0,0.0833,,0.9811,,,0.0,0.2069,0.1667,,0.0137,,0.0792,,0.0,0.0612,0.0,0.0,0.0,0.0,-2370.0,0,1,0,0,0,0,0,0,0,0,0,0,0,0,0,0,0,0,0,0,0.0,0.0,0.0,1.0,0.0,0.0,1,0,1,0,1,0,0,1,0,0,0,0,0,0,1,0,0,0,0,0,0,1,0,0,0,0,1,0,1,0,0,0,0,1,0,0,0,0,0,0,0,0,0,0,0,0,1,0,0,0,0,0,0,0,0,0,1,0,0,0,0,0,0,0,0,0,0,1,0,0,0,0,0,0,0,0,0,0,0,0,0,0,0,0,0,0,0,0,0,0,0,0,0,0,0,0,0,0,0,0,0,0,0,0,0,0,0,0,0,0,0,0,0,0,0,0,0,0,0,0,0,0,0,1,0,1,0,0,0,0,0,0,0,0,0,1,0,7.0,-618.4285714285714,-128.0,-1634.0,-4329.0,7.0,0.0,0.0,0.0,0.0,7.0,-217.14285714285717,845.0,-1369.0,-1520.0,3.0,-929.6666666666665,-347.0,-1369.0,-2789.0,2.0,0.0,0.0,0.0,0.0,7.0,0.0,0.0,0.0,0.0,7.0,67854.85714285714,91264.5,22086.0,474984.0,5.0,12744.9,63724.5,0.0,63724.5,4.0,0.0,0.0,0.0,0.0,7.0,0.0,0.0,0.0,0.0,7.0,-405.8571428571428,-3.0,-1367.0,-2841.0,0.0,,,,0.0,4.0,0.5714285714285714,0.0,0.0,3.0,0.42857142857142855,0.0,0.0,7.0,1.0,0.0,0.0,0.0,0.0,0.0,0.0,0.0,0.0,0.0,0.0,0.0,0.0,6.0,0.8571428571428571,1.0,0.14285714285714285,0.0,0.0,0.0,0.0,0.0,0.0,0.0,0.0,0.0,0.0,0.0,0.0,0.0,0.0,0.0,0.0,0.0,0.0,0.0,0.0,,,,,,,,,,,,,,,,,,,,,,,,,,,,,,,,,,,,,,,,,,,,,,,,,,,,,,,,,,,,,,,,,,,,,,,,,,,,,,,,,,,,,,,,,,,,,,,,,,,,,,,,,
0,90000.0,199008.0,20893.5,180000.0,0.010032,-12974,-4404,-7123.0,-4464,,1,1,1,1,0,0,2.0,2,2,11,0,0,0,0,0,0,,0.5594667916353414,0.7981372313187245,0.0928,,0.9801,,,0.0,0.2069,0.1667,,,,0.0602,,0.0436,0.0945,,0.9801,,,0.0,0.2069,0.1667,,,,0.0627,,0.0461,0.0937,,0.9801,,,0.0,0.2069,0.1667,,,,0.0613,,0.0445,0.0684,0.0,0.0,0.0,0.0,-2766.0,0,1,0,0,0,0,0,0,0,0,0,0,0,0,0,0,0,0,0,0,0.0,0.0,0.0,0.0,0.0,2.0,1,0,1,0,1,0,1,0,0,0,0,0,0,0,1,0,0,0,0,0,0,1,0,0,0,0,1,1,0,0,0,0,0,1,0,0,0,0,0,0,0,0,0,0,0,0,1,0,0,0,0,0,0,0,0,0,0,0,1,0,0,0,0,0,0,0,0,1,0,0,0,0,0,0,0,0,0,0,0,0,0,0,0,0,0,0,0,0,0,0,0,0,0,0,0,0,0,0,0,0,0,0,0,0,0,0,0,0,0,0,0,0,0,0,0,0,0,0,0,0,0,0,0,0,0,1,0,0,0,0,0,0,1,0,0,1,0,8.0,-1812.875,-1247.0,-2761.0,-14503.0,8.0,0.0,0.0,0.0,0.0,7.0,-1696.428571428571,-1063.0,-2608.0,-11875.0,7.0,-1728.571428571429,-1094.0,-2636.0,-12100.0,2.0,0.0,0.0,0.0,0.0,8.0,0.0,0.0,0.0,0.0,8.0,74016.5625,108000.0,54900.0,592132.5,8.0,0.0,0.0,0.0,0.0,6.0,0.0,0.0,0.0,0.0,8.0,0.0,0.0,0.0,0.0,8.0,-1544.625,-929.0,-2636.0,-12357.0,7.0,0.0,0.0,0.0,0.0,1.0,0.125,0.0,0.0,7.0,0.875,0.0,0.0,8.0,1.0,0.0,0.0,0.0,0.0,0.0,0.0,0.0,0.0,0.0,0.0,0.0,0.0,7.0,0.875,1.0,0.125,0.0,0.0,0.0,0.0,0.0,0.0,0.0,0.0,0.0,0.0,0.0,0.0,0.0,0.0,0.0,0.0,0.0,0.0,0.0,0.0,8.0,52.625,66.0,42.0,421.0,8.0,-33.5625,-20.5,-57.5,-268.5,8.0,-7.75,0.0,-25.0,-62.0,8.0,-59.375,-41.0,-90.0,-475.0,8.0,-1835.25,-861.0,-3795.0,-14682.0,8.0,3.625,6.0,3.0,29.0,8.0,0.07338940821083678,0.14285714285714285,0.045454545454545456,0.5871152656866943,8.0,0.0,0.0,0.0,0.0,8.0,0.0,0.0,0.0,0.0,8.0,0.0,0.0,0.0,0.0,8.0,0.0,0.0,0.0,0.0,8.0,0.0,0.0,0.0,0.0,8.0,0.0,0.0,0.0,0.0,8.0,0.0,0.0,0.0,0.0,8.0,0.0,0.0,0.0,0.0,8.0,0.0,0.0,0.0,0.0,8.0,0.0,0.0,0.0,0.0,8.0,49.0,63.0,36.0,392.0,8.0,0.9266105917891632,0.9545454545454546,0.8571428571428571,7.412884734313304,8.0,0.0,0.0,0.0,0.0,8.0,0.0,0.0,0.0,0.0
1,90000.0,544491.0,17563.5,454500.0,0.015221,-11348,-2038,-1021.0,-3964,,1,1,1,1,1,0,2.0,2,2,12,0,0,0,0,0,0,,0.5866171400119664,0.4776491548517548,,,,,,,,,,,,,,,,,,,,,,,,,,,,,,,,,,,,,,,,,,,,0.0,0.0,0.0,0.0,-1850.0,0,1,0,0,0,0,0,0,0,0,0,0,0,0,0,0,0,0,0,0,0.0,0.0,0.0,0.0,0.0,2.0,1,0,1,0,1,0,0,1,0,0,0,0,0,0,1,0,0,0,1,0,0,0,0,1,0,0,0,0,0,0,1,0,0,1,0,0,0,0,0,0,0,1,0,0,0,0,0,0,0,0,0,0,0,0,0,0,0,1,0,0,0,0,0,0,0,0,0,0,0,0,0,0,0,0,0,0,0,0,0,0,0,0,0,0,0,0,0,0,0,0,0,1,0,0,0,0,0,0,0,0,0,0,0,0,0,0,0,0,0,0,0,0,0,0,0,0,0,0,0,0,0,0,0,0,0,0,0,0,0,0,0,0,0,0,0,0,0,13.0,-1164.3846153846155,-157.0,-2624.0,-15137.0,13.0,0.0,0.0,0.0,0.0,12.0,-364.91666666666674,1669.0,-2228.0,-4379.0,10.0,-997.3,-138.0,-2335.0,-9973.0,3.0,2720.85,5980.05,0.0,8162.55,13.0,0.0,0.0,0.0,0.0,13.0,126591.71884615385,444078.0,22500.0,1645692.345,10.0,13703.85,70443.0,0.0,137038.5,6.0,0.0,0.0,0.0,0.0,13.0,0.0,0.0,0.0,0.0,13.0,-634.0769230769231,-5.0,-2287.0,-8243.0,0.0,,,,0.0,4.0,0.3076923076923077,0.0,0.0,9.0,0.6923076923076923,0.0,0.0,13.0,1.0,0.0,0.0,0.0,0.0,0.0,0.0,0.0,0.0,0.0,0.0,0.0,0.0,9.0,0.6923076923076923,4.0,0.3076923076923077,0.0,0.0,0.0,0.0,0.0,0.0,0.0,0.0,0.0,0.0,0.0,0.0,0.0,0.0,0.0,0.0,0.0,0.0,0.0,0.0,,,,,,,,,,,,,,,,,,,,,,,,,,,,,,,,,,,,,,,,,,,,,,,,,,,,,,,,,,,,,,,,,,,,,,,,,,,,,,,,,,,,,,,,,,,,,,,,,,,,,,,,,
0,112500.0,512064.0,25033.5,360000.0,0.008575,-11144,-1104,-7846.0,-2904,,1,1,0,1,0,0,2.0,2,2,12,0,0,0,0,0,0,0.2744223724911185,0.6273004007953609,,0.3670000000000001,0.3751,0.9901,,,0.28,0.4828,0.375,,0.1569,,0.2574,,,0.3739,0.3893,0.9901,,,0.282,0.4828,0.375,,0.1604,,0.2682,,,0.3706,0.3751,0.9901,,,0.28,0.4828,0.375,,0.1596,,0.262,,,0.3388,2.0,0.0,2.0,0.0,-397.0,0,1,0,0,0,0,0,0,0,0,0,0,0,0,0,0,0,0,0,0,0.0,0.0,0.0,0.0,2.0,5.0,1,0,1,0,1,0,0,1,0,1,0,0,0,0,0,0,0,0,0,0,0,1,0,0,0,0,1,1,0,0,0,0,0,1,0,0,0,0,0,0,0,0,0,0,0,0,0,0,0,0,1,0,0,0,0,0,0,0,0,0,0,1,0,0,0,0,0,0,0,0,0,0,0,0,0,0,0,0,0,0,0,0,0,0,0,0,0,0,0,0,0,0,0,0,0,0,0,0,0,0,0,0,0,0,0,0,1,0,0,0,0,0,0,0,0,0,0,0,0,0,0,0,0,0,0,1,0,0,1,0,0,0,0,0,0,1,0,1.0,-889.0,-889.0,-889.0,-889.0,1.0,0.0,0.0,0.0,0.0,1.0,-462.0,-462.0,-462.0,-462.0,0.0,,,,0.0,0.0,,,,0.0,1.0,0.0,0.0,0.0,0.0,1.0,94959.0,94959.0,94959.0,94959.0,1.0,8339.355,8339.355,8339.355,8339.355,0.0,,,,0.0,1.0,0.0,0.0,0.0,0.0,1.0,-519.0,-519.0,-519.0,-519.0,0.0,,,,0.0,1.0,1.0,0.0,0.0,0.0,0.0,0.0,0.0,1.0,1.0,0.0,0.0,0.0,0.0,0.0,0.0,0.0,0.0,0.0,0.0,0.0,0.0,1.0,1.0,0.0,0.0,0.0,0.0,0.0,0.0,0.0,0.0,0.0,0.0,0.0,0.0,0.0,0.0,0.0,0.0,0.0,0.0,0.0,0.0,0.0,0.0,,,,,,,,,,,,,,,,,,,,,,,,,,,,,,,,,,,,,,,,,,,,,,,,,,,,,,,,,,,,,,,,,,,,,,,,,,,,,,,,,,,,,,,,,,,,,,,,,,,,,,,,,
0,135000.0,288873.0,16258.5,238500.0,0.007305,-13384,-3597,-45.0,-4409,,1,1,1,1,1,0,2.0,3,3,11,0,0,0,0,0,0,0.4682080567974757,0.6742032101473874,0.3996756156233169,,,,,,,,,,,,,,,,,,,,,,,,,,,,,,,,,,,,,,,,,,,,1.0,0.0,1.0,0.0,-1480.0,0,1,0,0,0,0,0,0,0,0,0,0,0,0,0,0,0,0,0,0,0.0,0.0,0.0,0.0,0.0,2.0,1,0,1,0,1,0,1,0,0,0,0,0,0,0,1,0,0,0,0,0,0,1,0,0,0,0,1,1,0,0,0,0,0,1,0,0,0,0,0,0,0,0,0,0,0,0,0,0,0,0,0,0,1,0,0,0,0,0,0,0,1,0,0,0,0,0,0,0,0,0,0,0,0,0,0,0,0,0,0,0,0,0,0,0,0,0,0,0,0,0,0,0,0,0,0,0,0,0,0,0,0,0,0,0,0,1,0,0,0,0,0,0,0,0,0,0,0,0,0,0,0,0,0,0,0,0,0,0,0,0,0,0,0,0,0,0,0,7.0,-819.1428571428571,-27.0,-2179.0,-5734.0,7.0,0.0,0.0,0.0,0.0,6.0,-117.16666666666669,967.0,-1469.0,-703.0,2.0,-1011.5,-554.0,-1469.0,-2023.0,2.0,0.0,0.0,0.0,0.0,7.0,0.0,0.0,0.0,0.0,7.0,121678.26428571428,414000.0,21375.0,851747.85,6.0,92073.75,383112.0,0.0,552442.5,5.0,1763.8470000000002,8819.235,0.0,8819.235,7.0,0.0,0.0,0.0,0.0,7.0,-374.28571428571433,-8.0,-1469.0,-2620.0,0.0,,,,0.0,5.0,0.7142857142857143,0.0,0.0,2.0,0.2857142857142857,0.0,0.0,7.0,1.0,0.0,0.0,0.0,0.0,0.0,0.0,0.0,0.0,0.0,0.0,0.0,0.0,3.0,0.42857142857142855,4.0,0.5714285714285714,0.0,0.0,0.0,0.0,0.0,0.0,0.0,0.0,0.0,0.0,0.0,0.0,0.0,0.0,0.0,0.0,0.0,0.0,0.0,0.0,,,,,,,,,,,,,,,,,,,,,,,,,,,,,,,,,,,,,,,,,,,,,,,,,,,,,,,,,,,,,,,,,,,,,,,,,,,,,,,,,,,,,,,,,,,,,,,,,,,,,,,,,
1,225000.0,918468.0,28966.5,697500.0,0.016612000000000002,-14086,-3028,-643.0,-4911,23.0,1,1,0,1,0,0,3.0,2,2,13,0,0,0,0,0,0,,0.5669066132460429,0.7700870700124128,0.1474,0.0973,0.9806,0.7348,0.0582,0.16,0.1379,0.3333,0.375,0.0931,0.1202,0.1397,0.0,0.0,0.1502,0.101,0.9806,0.7452,0.0587,0.1611,0.1379,0.3333,0.375,0.0952,0.1313,0.1456,0.0,0.0,0.1489,0.0973,0.9806,0.7383,0.0585,0.16,0.1379,0.3333,0.375,0.0947,0.1223,0.1422,0.0,0.0,0.1417,0.0,0.0,0.0,0.0,-4.0,0,1,0,0,0,0,0,0,0,0,0,0,0,0,0,0,0,0,0,0,0.0,0.0,0.0,0.0,0.0,1.0,1,0,0,1,0,1,1,0,0,0,0,0,0,0,1,0,0,0,0,0,0,1,0,0,0,0,1,0,1,0,0,0,0,1,0,0,0,0,0,0,0,0,1,0,0,0,0,0,0,0,0,0,0,0,0,0,0,0,0,0,1,0,0,0,0,0,0,0,0,0,0,0,0,0,0,0,0,0,0,0,0,0,0,0,0,0,0,0,0,0,0,0,0,0,0,0,0,0,0,0,0,0,0,0,0,1,0,0,0,0,0,0,0,0,0,0,0,0,0,0,0,0,0,1,0,1,0,0,0,0,0,0,1,0,0,1,0,6.0,-1944.333333333333,-909.0,-2881.0,-11666.0,6.0,0.0,0.0,0.0,0.0,6.0,-1512.333333333333,197.0,-2546.0,-9074.0,6.0,-1677.833333333333,-738.0,-2575.0,-10067.0,3.0,0.0,0.0,0.0,0.0,6.0,0.0,0.0,0.0,0.0,6.0,143295.0,315000.0,25231.5,859770.0,3.0,0.0,0.0,0.0,0.0,3.0,0.0,0.0,0.0,0.0,6.0,0.0,0.0,0.0,0.0,6.0,-1594.333333333333,-623.0,-2575.0,-9566.0,0.0,,,,0.0,0.0,0.0,0.0,0.0,6.0,1.0,0.0,0.0,6.0,1.0,0.0,0.0,0.0,0.0,0.0,0.0,0.0,0.0,0.0,0.0,0.0,0.0,5.0,0.8333333333333334,1.0,0.16666666666666666,0.0,0.0,0.0,0.0,0.0,0.0,0.0,0.0,0.0,0.0,0.0,0.0,0.0,0.0,0.0,0.0,0.0,0.0,0.0,0.0,,,,,,,,,,,,,,,,,,,,,,,,,,,,,,,,,,,,,,,,,,,,,,,,,,,,,,,,,,,,,,,,,,,,,,,,,,,,,,,,,,,,,,,,,,,,,,,,,,,,,,,,,
0,270000.0,1293502.5,35698.5,1129500.0,0.003540999999999999,-16765,-1188,-1186.0,-291,,1,1,0,1,1,0,2.0,1,1,11,0,0,0,0,0,0,0.3112673113812225,0.6222457752555098,,0.0959,0.0529,0.9851,0.7959999999999999,0.0605,0.08,0.0345,0.2917,0.3333,0.013,0.0773,0.0549,0.0039,0.0098,0.0924,0.0538,0.9851,0.804,0.0497,0.0806,0.0345,0.2917,0.3333,0.0128,0.079,0.0554,0.0,0.0,0.0968,0.0529,0.9851,0.7987,0.0608,0.08,0.0345,0.2917,0.3333,0.0132,0.0787,0.0558,0.0039,0.01,0.0714,1.0,0.0,1.0,0.0,-828.0,0,1,0,0,0,0,0,0,0,0,0,0,0,0,0,0,0,0,0,0,0.0,0.0,0.0,0.0,0.0,0.0,1,0,1,0,1,0,1,0,0,1,0,0,0,0,0,0,0,0,1,0,0,0,0,1,0,0,0,0,1,0,0,0,0,1,0,0,0,0,0,0,0,1,0,0,0,0,0,0,0,0,0,0,0,0,0,0,0,1,0,0,0,0,0,0,0,0,0,0,0,0,0,0,0,0,0,0,0,0,0,0,0,0,0,0,0,0,0,0,0,0,0,0,0,0,0,0,0,0,0,0,0,0,1,0,0,0,0,0,0,0,0,0,0,0,0,0,0,0,0,0,0,0,0,1,0,1,0,0,1,0,0,0,0,0,0,1,0,4.0,-1400.75,-606.0,-2586.0,-5603.0,4.0,0.0,0.0,0.0,0.0,4.0,-544.5,1216.0,-2434.0,-2178.0,3.0,-1097.3333333333333,-540.0,-2131.0,-3292.0,4.0,0.0,0.0,0.0,0.0,4.0,0.0,0.0,0.0,0.0,4.0,254350.125,810000.0,22248.0,1017400.5,4.0,0.0,0.0,0.0,0.0,4.0,202500.0,810000.0,0.0,810000.0,4.0,0.0,0.0,0.0,0.0,4.0,-816.0,-43.0,-2131.0,-3264.0,0.0,,,,0.0,1.0,0.25,0.0,0.0,3.0,0.75,0.0,0.0,4.0,1.0,0.0,0.0,0.0,0.0,0.0,0.0,0.0,0.0,0.0,0.0,0.0,0.0,2.0,0.5,2.0,0.5,0.0,0.0,0.0,0.0,0.0,0.0,0.0,0.0,0.0,0.0,0.0,0.0,0.0,0.0,0.0,0.0,0.0,0.0,0.0,0.0,,,,,,,,,,,,,,,,,,,,,,,,,,,,,,,,,,,,,,,,,,,,,,,,,,,,,,,,,,,,,,,,,,,,,,,,,,,,,,,,,,,,,,,,,,,,,,,,,,,,,,,,,
0,202500.0,604152.0,29196.0,540000.0,0.009175,-16971,-475,-3148.0,-513,,1,1,0,1,1,0,2.0,2,2,12,0,1,1,0,1,1,,0.03731523556121631,,,,,,,,,,,,,,,,,,,,,,,,,,,,,,,,,,,,,,,,,,,,,4.0,0.0,4.0,0.0,-458.0,0,1,0,0,0,0,0,0,0,0,0,0,0,0,0,0,0,0,0,0,0.0,0.0,0.0,0.0,0.0,5.0,1,0,1,0,1,0,0,1,0,0,0,0,0,0,1,0,0,0,0,0,0,1,0,0,0,0,1,0,1,0,0,0,0,1,0,0,0,0,0,0,0,0,0,0,0,0,1,0,0,0,0,0,0,0,0,0,0,1,0,0,0,0,0,0,0,0,0,0,0,0,0,0,0,0,0,0,0,1,0,0,0,0,0,0,0,0,0,0,0,0,0,0,0,0,0,0,0,0,0,0,0,0,0,0,0,0,0,0,0,0,0,0,0,0,0,0,0,0,0,0,0,0,0,0,0,0,0,0,0,0,0,0,0,0,0,0,0,1.0,-75.0,-75.0,-75.0,-75.0,1.0,0.0,0.0,0.0,0.0,1.0,-66.0,-66.0,-66.0,-66.0,1.0,-66.0,-66.0,-66.0,-66.0,1.0,0.0,0.0,0.0,0.0,1.0,0.0,0.0,0.0,0.0,1.0,22905.0,22905.0,22905.0,22905.0,1.0,0.0,0.0,0.0,0.0,1.0,0.0,0.0,0.0,0.0,1.0,0.0,0.0,0.0,0.0,1.0,-61.0,-61.0,-61.0,-61.0,0.0,,,,0.0,0.0,0.0,0.0,0.0,1.0,1.0,0.0,0.0,1.0,1.0,0.0,0.0,0.0,0.0,0.0,0.0,0.0,0.0,0.0,0.0,0.0,0.0,0.0,0.0,0.0,0.0,0.0,0.0,0.0,0.0,0.0,0.0,0.0,0.0,0.0,0.0,1.0,1.0,0.0,0.0,0.0,0.0,0.0,0.0,0.0,0.0,1.0,3.0,3.0,3.0,3.0,1.0,-1.0,-1.0,-1.0,-1.0,1.0,0.0,0.0,0.0,0.0,1.0,-2.0,-2.0,-2.0,-2.0,1.0,-3.0,-3.0,-3.0,-3.0,1.0,3.0,3.0,3.0,3.0,1.0,1.0,1.0,1.0,1.0,1.0,0.0,0.0,0.0,0.0,1.0,0.0,0.0,0.0,0.0,1.0,0.0,0.0,0.0,0.0,1.0,0.0,0.0,0.0,0.0,1.0,0.0,0.0,0.0,0.0,1.0,0.0,0.0,0.0,0.0,1.0,0.0,0.0,0.0,0.0,1.0,0.0,0.0,0.0,0.0,1.0,0.0,0.0,0.0,0.0,1.0,0.0,0.0,0.0,0.0,1.0,0.0,0.0,0.0,0.0,1.0,0.0,0.0,0.0,0.0,1.0,0.0,0.0,0.0,0.0,1.0,0.0,0.0,0.0,0.0
0,189000.0,773680.5,32778.0,679500.0,0.010006000000000001,-14583,-203,-615.0,-2056,,1,1,0,1,0,0,2.0,2,1,9,0,0,0,0,0,0,0.7219397686622343,0.6426562048311103,,0.3495,0.1335,0.9985,0.9796,0.1143,0.4,0.1724,0.6667,0.7083,0.1758,0.2849,0.3774,0.0193,0.1001,0.3561,0.1386,0.9985,0.9804,0.1153,0.4028,0.1724,0.6667,0.7083,0.1798,0.3113,0.3932,0.0195,0.106,0.3529,0.1335,0.9985,0.9799,0.115,0.4,0.1724,0.6667,0.7083,0.1789,0.2899,0.3842,0.0194,0.1022,0.3811,0.0,0.0,0.0,0.0,-188.0,0,1,0,0,0,0,0,0,0,0,0,0,0,0,0,0,0,0,0,0,,,,,,,1,0,1,0,1,0,0,1,0,0,0,0,0,0,1,0,0,0,0,0,0,1,0,0,0,0,1,0,1,0,0,0,0,1,0,0,0,0,0,0,0,0,0,0,0,0,1,0,0,0,0,0,0,0,0,0,0,1,0,0,0,0,0,0,0,0,0,0,0,0,0,0,0,0,0,0,0,0,0,0,0,0,0,0,0,0,0,0,0,0,0,0,0,0,0,0,0,0,0,0,0,0,0,0,0,0,0,0,0,0,0,0,0,0,0,0,1,0,0,0,0,0,0,1,0,1,0,0,0,0,0,0,1,0,0,1,0,,,,,,,,,,,,,,,,,,,,,,,,,,,,,,,,,,,,,,,,,,,,,,,,,,,,,,,,,,,,,,,,,,,,,,,,,,,,,,,,,,,,,,,,,,,,,,,,,,,,,,,,,,,,,,,,,,,,,,,,,,,,,,,,,,,,,,,,,,,,,,,,,,,,,,,,,,,,,,,,,,,,,,,,,,,,,,,,,,,,,,,,,,,,,,,,,,,,,,,,,,,,,,,,,,,
0,202500.0,661702.5,48280.5,598500.0,0.007114,-9827,-758,-4166.0,-2380,,1,1,1,1,0,0,2.0,2,2,12,0,0,0,0,1,1,,0.6315186311742824,,,,,,,,,,,,,,,,,,,,,,,,,,,,,,,,,,,,,,,,,,,,,1.0,0.0,1.0,0.0,-556.0,0,1,0,0,0,0,0,0,0,0,0,0,0,0,0,0,0,0,0,0,,,,,,,1,0,0,1,1,0,0,1,0,0,0,0,0,0,1,0,0,0,0,0,0,1,0,0,0,0,1,1,0,0,0,0,0,1,0,0,0,0,0,0,0,0,0,0,0,0,0,0,0,0,0,0,0,0,0,0,0,0,0,0,0,0,1,0,0,0,0,0,1,0,0,0,0,0,0,0,0,0,0,0,0,0,0,0,0,0,0,0,0,0,0,0,0,0,0,0,0,0,0,0,0,0,0,0,0,0,0,0,0,0,0,0,0,0,0,0,0,0,0,0,0,0,0,0,0,0,0,0,0,0,0,0,0,0,0,0,0,,,,,,,,,,,,,,,,,,,,,,,,,,,,,,,,,,,,,,,,,,,,,,,,,,,,,,,,,,,,,,,,,,,,,,,,,,,,,,,,,,,,,,,,,,,,,,,,,,,,,,,,,,,,,,,,,,,,,,,,,,,,,,,,,,,,,,,,,,,,,,,,,,,,,,,,,,,,,,,,,,,,,,,,,,,,,,,,,,,,,,,,,,,,,,,,,,,,,,,,,,,,,,,,,,,
2,135000.0,247500.0,12703.5,247500.0,0.026392000000000002,-11286,-746,-108.0,-3729,7.0,1,1,0,1,0,0,4.0,2,2,14,0,0,0,0,1,1,,0.7861793090532118,0.5656079814115492,0.1433,0.1455,0.9861,0.8096,0.0212,0.0,0.3103,0.1667,0.2083,0.0861,0.1168,0.1217,0.0,0.0043,0.146,0.1509,0.9861,0.8171,0.0214,0.0,0.3103,0.1667,0.2083,0.0881,0.1276,0.1268,0.0,0.0045,0.1447,0.1455,0.9861,0.8121,0.0214,0.0,0.3103,0.1667,0.2083,0.0876,0.1189,0.1239,0.0,0.0044,0.0967,1.0,1.0,1.0,0.0,-4.0,0,1,0,0,0,0,0,0,0,0,0,0,0,0,0,0,0,0,0,0,0.0,0.0,0.0,0.0,0.0,0.0,1,0,0,1,0,1,1,0,0,0,0,0,0,0,1,0,0,0,0,0,0,1,0,0,0,0,1,0,1,0,0,0,0,1,0,0,0,0,0,0,0,0,1,0,0,0,0,0,0,0,0,0,0,0,0,0,0,0,0,0,1,0,0,0,0,0,0,0,1,0,0,0,0,0,0,0,0,0,0,0,0,0,0,0,0,0,0,0,0,0,0,0,0,0,0,0,0,0,0,0,0,0,0,0,0,0,0,0,0,0,0,0,0,0,0,0,0,0,0,0,0,0,0,1,0,1,0,0,0,0,0,0,1,0,0,1,0,4.0,-1416.75,-110.0,-2806.0,-5667.0,4.0,0.0,0.0,0.0,0.0,3.0,-336.3333333333333,1563.0,-1286.0,-1009.0,3.0,-1541.333333333333,-1266.0,-2064.0,-4624.0,0.0,,,,0.0,4.0,0.0,0.0,0.0,0.0,4.0,1857008.25,3735000.0,24016.5,7428033.0,3.0,1227429.0,3682287.0,0.0,3682287.0,1.0,0.0,0.0,0.0,0.0,4.0,0.0,0.0,0.0,0.0,4.0,-1041.75,-17.0,-2064.0,-4167.0,0.0,,,,0.0,1.0,0.25,0.0,0.0,3.0,0.75,0.0,0.0,4.0,1.0,0.0,0.0,0.0,0.0,0.0,0.0,0.0,0.0,0.0,0.0,0.0,0.0,2.0,0.5,0.0,0.0,0.0,0.0,0.0,0.0,0.0,0.0,0.0,0.0,0.0,0.0,0.0,0.0,0.0,0.0,2.0,0.5,0.0,0.0,0.0,0.0,,,,,,,,,,,,,,,,,,,,,,,,,,,,,,,,,,,,,,,,,,,,,,,,,,,,,,,,,,,,,,,,,,,,,,,,,,,,,,,,,,,,,,,,,,,,,,,,,,,,,,,,,
0,135000.0,405000.0,20250.0,405000.0,0.019688999999999998,-14469,-2019,-14437.0,-3992,,1,1,0,1,0,0,1.0,2,2,8,0,0,0,0,0,0,,0.7466436294590924,,,,,,,,,,,,,,,,,,,,,,,,,,,,,,,,,,,,,,,,,,,,,2.0,0.0,2.0,0.0,-1673.0,0,0,0,0,0,0,0,0,0,0,0,0,0,0,0,0,0,0,0,0,,,,,,,0,1,0,1,1,0,0,1,0,0,0,0,0,0,1,0,0,0,0,0,0,1,0,0,0,0,1,0,0,0,1,0,0,1,0,0,0,0,0,0,0,0,0,0,0,0,1,0,0,0,0,0,0,0,0,0,0,0,0,0,1,0,0,0,0,0,0,0,0,0,0,0,1,0,0,0,0,0,0,0,0,0,0,0,0,0,0,0,0,0,0,0,0,0,0,0,0,0,0,0,0,0,0,0,0,0,0,0,0,0,0,0,0,0,0,0,0,0,0,0,0,0,0,0,0,0,0,0,0,0,0,0,0,0,0,0,0,,,,,,,,,,,,,,,,,,,,,,,,,,,,,,,,,,,,,,,,,,,,,,,,,,,,,,,,,,,,,,,,,,,,,,,,,,,,,,,,,,,,,,,,,,,,,,,,,,,,,,,,,,,,,,,,,,,,,,,,,,,,,,,,,,,,,,,,,,,,,,,,,,,,,,,,,,,,,,,,,,,,,,,,,,,,,,,,,,,,,,,,,,,,,,,,,,,,,,,,,,,,,,,,,,,
0,108000.0,509602.5,26149.5,387000.0,0.018634,-12931,-1317,-6392.0,-3866,,1,1,0,1,0,0,2.0,2,2,12,0,0,0,1,1,0,,0.2363778398884225,0.06210303783729682,,,,,,,,,,,,,,,,,,,,,,,,,,,,,,,,,,,,,,,,,,,,0.0,0.0,0.0,0.0,-3.0,0,1,0,0,0,0,0,0,0,0,0,0,0,0,0,0,0,0,0,0,0.0,0.0,0.0,0.0,1.0,0.0,1,0,0,1,1,0,1,0,0,0,0,0,0,0,1,0,0,0,0,0,0,1,0,0,0,0,1,0,1,0,0,0,0,1,0,0,0,0,0,0,0,0,1,0,0,0,0,0,0,0,0,0,0,0,0,0,0,0,0,0,1,0,0,0,0,0,0,0,0,0,0,0,0,0,1,0,0,0,0,0,0,0,0,0,0,0,0,0,0,0,0,0,0,0,0,0,0,0,0,0,0,0,0,0,0,0,0,0,0,0,0,0,0,0,0,0,0,0,0,0,0,0,0,0,0,0,0,0,0,0,0,0,0,0,0,0,0,4.0,-261.5,-90.0,-492.0,-1046.0,4.0,0.0,0.0,0.0,0.0,4.0,-32.5,277.0,-311.0,-130.0,2.0,-223.0,-135.0,-311.0,-446.0,4.0,0.0,0.0,0.0,0.0,4.0,0.0,0.0,0.0,0.0,4.0,49871.25,135000.0,16200.0,199485.0,4.0,30772.125,117243.0,0.0,123088.5,4.0,0.0,0.0,0.0,0.0,4.0,0.0,0.0,0.0,0.0,4.0,-130.75,-28.0,-310.0,-523.0,0.0,,,,0.0,2.0,0.5,0.0,0.0,2.0,0.5,0.0,0.0,4.0,1.0,0.0,0.0,0.0,0.0,0.0,0.0,0.0,0.0,0.0,0.0,0.0,0.0,4.0,1.0,0.0,0.0,0.0,0.0,0.0,0.0,0.0,0.0,0.0,0.0,0.0,0.0,0.0,0.0,0.0,0.0,0.0,0.0,0.0,0.0,0.0,0.0,,,,,,,,,,,,,,,,,,,,,,,,,,,,,,,,,,,,,,,,,,,,,,,,,,,,,,,,,,,,,,,,,,,,,,,,,,,,,,,,,,,,,,,,,,,,,,,,,,,,,,,,,
0,202500.0,305221.5,17649.0,252000.0,0.019688999999999998,-20373,365243,-7760.0,-1993,,1,0,0,1,0,0,1.0,2,2,8,0,0,0,0,0,0,,0.24766471733561626,0.475849908720221,,,,,,,,,,,,,,,,,,,,,,,,,,,,,,,,,,,,,,,,,,,,0.0,0.0,0.0,0.0,-649.0,0,1,0,0,0,0,0,0,0,0,0,0,0,0,0,0,0,0,0,0,0.0,0.0,0.0,0.0,2.0,4.0,1,0,1,0,1,0,0,1,0,1,0,0,0,0,0,0,0,1,0,0,0,0,0,0,0,0,1,0,0,0,1,0,0,1,0,0,0,0,0,0,0,0,0,0,0,0,0,0,0,0,0,0,0,0,0,0,0,1,0,0,0,0,0,0,0,0,0,0,0,0,0,0,0,0,0,0,0,0,0,0,0,0,0,0,0,0,0,0,0,0,0,0,0,0,0,0,0,0,0,0,0,0,0,0,0,0,0,0,0,0,0,0,0,0,0,0,0,0,0,0,1,0,0,0,0,0,0,0,0,0,0,0,0,0,0,0,0,8.0,-2337.875,-1764.0,-2893.0,-18703.0,8.0,0.0,0.0,0.0,0.0,7.0,-1664.2857142857142,-648.0,-2534.0,-11650.0,7.0,-1591.571428571429,-630.0,-2551.0,-11141.0,0.0,,,,0.0,8.0,0.0,0.0,0.0,0.0,8.0,84438.5625,225000.0,0.0,675508.5,5.0,0.0,0.0,0.0,0.0,2.0,0.0,0.0,0.0,0.0,8.0,0.0,0.0,0.0,0.0,8.0,-1093.75,-630.0,-1945.0,-8750.0,0.0,,,,0.0,1.0,0.125,0.0,0.0,7.0,0.875,0.0,0.0,8.0,1.0,0.0,0.0,0.0,0.0,0.0,0.0,0.0,0.0,0.0,0.0,0.0,0.0,6.0,0.75,2.0,0.25,0.0,0.0,0.0,0.0,0.0,0.0,0.0,0.0,0.0,0.0,0.0,0.0,0.0,0.0,0.0,0.0,0.0,0.0,0.0,0.0,,,,,,,,,,,,,,,,,,,,,,,,,,,,,,,,,,,,,,,,,,,,,,,,,,,,,,,,,,,,,,,,,,,,,,,,,,,,,,,,,,,,,,,,,,,,,,,,,,,,,,,,,
0,135000.0,427500.0,21375.0,427500.0,0.015221,-18252,-4286,-298.0,-1800,7.0,1,1,0,1,0,0,2.0,2,2,13,0,0,0,0,0,0,0.5656548824667073,0.11337451271992707,,0.0722,0.0801,0.9781,0.7008,,0.0,0.1379,0.1667,0.0417,0.0534,0.0588,0.0619,0.0,0.0,0.0735,0.0831,0.9782,0.7125,,0.0,0.1379,0.1667,0.0417,0.0546,0.0643,0.0645,0.0,0.0,0.0729,0.0801,0.9781,0.7048,,0.0,0.1379,0.1667,0.0417,0.0543,0.0599,0.063,0.0,0.0,0.053,0.0,0.0,0.0,0.0,-296.0,0,0,0,0,0,0,0,0,0,0,0,0,0,0,0,0,0,0,0,0,,,,,,,0,1,0,1,0,1,0,1,0,0,0,0,0,0,1,0,0,0,0,0,0,1,0,0,0,0,1,0,1,0,0,0,0,1,0,0,0,0,0,0,0,0,0,0,0,0,1,0,0,0,0,0,0,0,0,0,1,0,0,0,0,0,0,0,0,0,0,0,0,0,0,0,0,0,0,0,0,0,0,0,0,0,0,0,0,0,0,0,0,0,0,0,0,0,0,0,0,0,0,0,0,0,0,0,0,1,0,0,0,0,0,0,0,0,0,0,0,0,0,0,0,0,0,1,0,1,0,0,0,0,0,0,0,1,0,1,0,,,,,,,,,,,,,,,,,,,,,,,,,,,,,,,,,,,,,,,,,,,,,,,,,,,,,,,,,,,,,,,,,,,,,,,,,,,,,,,,,,,,,,,,,,,,,,,,,,,,,,,,,,,,,,,,,,,,,,,,,,,,,,,,,,,,,,,,,,,,,,,,,,,,,,,,,,,,,,,,,,,,,,,,,,,,,,,,,,,,,,,,,,,,,,,,,,,,,,,,,,,,,,,,,,,
0,112500.0,1019610.0,33826.5,913500.0,0.018634,-20099,365243,-7427.0,-3514,,1,0,0,1,0,0,2.0,2,2,14,0,0,0,0,0,0,0.5873340468730377,0.20574728800732814,0.7517237147741489,,,,,,,,,,,,,,,,,,,,,,,,,,,,,,,,,,,,,,,,,,,,1.0,0.0,1.0,0.0,0.0,0,1,0,0,0,0,0,0,0,0,0,0,0,0,0,0,0,0,0,0,0.0,0.0,0.0,0.0,0.0,1.0,1,0,1,0,1,0,0,1,1,0,0,0,0,0,0,0,0,1,0,0,0,0,0,0,0,0,1,0,1,0,0,0,0,1,0,0,0,0,0,0,0,0,0,0,0,0,0,0,0,0,0,0,0,0,0,0,0,0,0,0,0,0,1,0,0,0,0,0,0,0,0,0,0,0,0,0,0,0,0,0,0,0,0,0,0,0,0,0,0,0,0,0,0,0,0,0,0,0,0,0,0,0,0,0,0,0,0,0,0,0,0,0,0,0,0,0,0,0,0,0,1,0,0,0,0,0,0,0,0,0,0,0,0,0,0,0,0,4.0,-1773.0,-1309.0,-2508.0,-7092.0,4.0,0.0,0.0,0.0,0.0,4.0,-1293.25,-860.0,-2173.0,-5173.0,4.0,-1463.25,-968.0,-2197.0,-5853.0,2.0,5073.615,10147.23,0.0,10147.23,4.0,0.0,0.0,0.0,0.0,4.0,108807.075,145242.0,54000.0,435228.3,3.0,0.0,0.0,0.0,0.0,3.0,0.0,0.0,0.0,0.0,4.0,0.0,0.0,0.0,0.0,4.0,-1454.75,-965.0,-2172.0,-5819.0,0.0,,,,0.0,0.0,0.0,0.0,0.0,4.0,1.0,0.0,0.0,4.0,1.0,0.0,0.0,0.0,0.0,0.0,0.0,0.0,0.0,0.0,0.0,0.0,0.0,3.0,0.75,1.0,0.25,0.0,0.0,0.0,0.0,0.0,0.0,0.0,0.0,0.0,0.0,0.0,0.0,0.0,0.0,0.0,0.0,0.0,0.0,0.0,0.0,,,,,,,,,,,,,,,,,,,,,,,,,,,,,,,,,,,,,,,,,,,,,,,,,,,,,,,,,,,,,,,,,,,,,,,,,,,,,,,,,,,,,,,,,,,,,,,,,,,,,,,,,
0,99000.0,247275.0,17338.5,225000.0,0.006207,-23920,365243,-9817.0,-4969,,1,0,0,1,1,0,2.0,2,2,11,0,0,0,0,0,0,,0.6507647995068742,0.7517237147741489,,,0.9851,,,0.04,0.0345,0.3333,,0.0566,,0.0922,,,,,0.9851,,,0.0403,0.0345,0.3333,,0.0579,,0.096,,,,,0.9851,,,0.04,0.0345,0.3333,,0.0576,,0.0938,,,0.0786,0.0,0.0,0.0,0.0,0.0,0,1,0,0,0,0,0,0,0,0,0,0,0,0,0,0,0,0,0,0,0.0,0.0,0.0,0.0,0.0,2.0,1,0,1,0,1,0,0,1,0,0,0,0,0,0,1,0,0,1,0,0,0,0,0,0,0,0,1,0,1,0,0,0,0,1,0,0,0,0,0,0,0,0,0,0,0,0,0,0,0,0,0,0,0,0,0,0,1,0,0,0,0,0,0,0,0,0,0,0,0,0,0,0,0,0,0,0,0,0,0,0,0,0,0,0,0,0,0,0,0,0,0,0,0,0,0,0,0,0,0,0,0,0,0,0,0,0,0,0,0,0,0,0,0,0,0,0,0,0,0,0,1,0,0,0,0,1,0,0,0,0,0,0,0,1,0,1,0,3.0,-554.0,-337.0,-733.0,-1662.0,3.0,0.0,0.0,0.0,0.0,3.0,-204.66666666666663,-3.0,-337.0,-614.0,2.0,-441.0,-274.0,-608.0,-882.0,2.0,0.0,0.0,0.0,0.0,3.0,0.0,0.0,0.0,0.0,3.0,146018.13,281205.0,60016.5,438054.39,3.0,29783.820000000003,89351.46,0.0,89351.46,2.0,0.0,0.0,0.0,0.0,3.0,0.0,0.0,0.0,0.0,3.0,-359.66666666666674,-217.0,-608.0,-1079.0,0.0,,,,0.0,1.0,0.3333333333333333,0.0,0.0,2.0,0.6666666666666666,0.0,0.0,3.0,1.0,0.0,0.0,0.0,0.0,0.0,0.0,0.0,0.0,0.0,0.0,0.0,0.0,3.0,1.0,0.0,0.0,0.0,0.0,0.0,0.0,0.0,0.0,0.0,0.0,0.0,0.0,0.0,0.0,0.0,0.0,0.0,0.0,0.0,0.0,0.0,0.0,,,,,,,,,,,,,,,,,,,,,,,,,,,,,,,,,,,,,,,,,,,,,,,,,,,,,,,,,,,,,,,,,,,,,,,,,,,,,,,,,,,,,,,,,,,,,,,,,,,,,,,,,
2,198000.0,641173.5,23157.0,553500.0,0.01885,-17199,-768,-63.0,-735,,1,1,1,1,1,0,4.0,2,2,13,0,0,0,0,0,0,0.8427634659543568,0.6816988025574287,0.7544061731797895,,,,,,,,,,,,,,,,,,,,,,,,,,,,,,,,,,,,,,,,,,,,0.0,0.0,0.0,0.0,-2411.0,0,1,0,0,0,0,0,0,0,0,0,0,0,0,0,0,0,0,0,0,0.0,0.0,0.0,0.0,1.0,1.0,1,0,1,0,1,0,0,1,0,0,0,0,0,0,1,0,1,0,0,0,0,0,0,0,0,0,1,0,1,0,0,0,0,1,0,0,0,0,0,0,0,0,0,0,0,0,0,0,0,0,1,0,0,0,0,0,0,0,0,0,1,0,0,0,0,0,0,0,0,0,0,0,0,0,0,0,0,0,0,0,0,0,0,0,0,0,0,0,0,0,0,0,0,0,0,0,1,0,0,0,0,0,0,0,0,0,0,0,0,0,0,0,0,0,0,0,0,0,0,0,0,0,0,0,0,0,0,0,0,0,0,0,0,0,0,0,0,2.0,-1904.0,-1169.0,-2639.0,-3808.0,2.0,0.0,0.0,0.0,0.0,2.0,-1433.5,-414.0,-2453.0,-2867.0,2.0,-1323.0,-130.0,-2516.0,-2646.0,1.0,0.0,0.0,0.0,0.0,2.0,0.0,0.0,0.0,0.0,2.0,166860.0,306000.0,27720.0,333720.0,2.0,0.0,0.0,0.0,0.0,2.0,0.0,0.0,0.0,0.0,2.0,0.0,0.0,0.0,0.0,2.0,-1320.0,-127.0,-2513.0,-2640.0,2.0,16290.0,16290.0,16290.0,32580.0,0.0,0.0,0.0,0.0,2.0,1.0,0.0,0.0,2.0,1.0,0.0,0.0,0.0,0.0,0.0,0.0,0.0,0.0,0.0,0.0,0.0,0.0,1.0,0.5,1.0,0.5,0.0,0.0,0.0,0.0,0.0,0.0,0.0,0.0,0.0,0.0,0.0,0.0,0.0,0.0,0.0,0.0,0.0,0.0,0.0,0.0,2.0,2.0,2.0,2.0,4.0,2.0,-61.5,-37.5,-85.5,-123.0,2.0,-61.0,-37.0,-85.0,-122.0,2.0,-62.0,-38.0,-86.0,-124.0,2.0,-123.0,-75.0,-171.0,-246.0,2.0,1.0,1.0,1.0,2.0,2.0,0.5,0.5,0.5,1.0,2.0,0.0,0.0,0.0,0.0,2.0,0.0,0.0,0.0,0.0,2.0,0.0,0.0,0.0,0.0,2.0,0.0,0.0,0.0,0.0,2.0,0.0,0.0,0.0,0.0,2.0,0.0,0.0,0.0,0.0,2.0,0.0,0.0,0.0,0.0,2.0,0.0,0.0,0.0,0.0,2.0,0.0,0.0,0.0,0.0,2.0,0.0,0.0,0.0,0.0,2.0,0.0,0.0,0.0,0.0,2.0,0.0,0.0,0.0,0.0,2.0,1.0,1.0,1.0,2.0,2.0,0.5,0.5,0.5,1.0
0,292500.0,665892.0,24592.5,477000.0,0.025164,-15280,-2668,-5266.0,-3787,,1,1,0,1,0,1,2.0,2,2,13,0,0,0,0,0,0,,0.479987342189869,0.4101025731788671,0.0124,,0.9697,,,0.0,0.069,0.0417,,,,0.0149,,0.0,0.0126,,0.9697,,,0.0,0.069,0.0417,,,,0.0155,,0.0,0.0125,,0.9697,,,0.0,0.069,0.0417,,,,0.0152,,0.0,0.0117,0.0,0.0,0.0,0.0,-1634.0,0,1,0,0,0,0,0,0,0,0,0,0,0,0,0,0,0,0,0,0,0.0,0.0,0.0,1.0,0.0,5.0,1,0,1,0,1,0,0,1,0,0,0,0,0,0,1,0,1,0,0,0,0,0,0,0,0,0,1,1,0,0,0,0,0,1,0,0,0,0,0,0,0,0,0,0,0,0,0,0,0,0,0,0,0,0,0,0,0,0,0,0,0,0,1,0,0,0,0,0,1,0,0,0,0,0,0,0,0,0,0,0,0,0,0,0,0,0,0,0,0,0,0,0,0,0,0,0,0,0,0,0,0,0,0,0,0,0,0,0,0,0,0,0,0,0,0,0,0,0,0,0,0,0,0,0,0,1,0,0,0,0,0,1,0,0,0,1,0,9.0,-1399.333333333333,-184.0,-2723.0,-12594.0,9.0,0.0,0.0,0.0,0.0,9.0,487.0,9980.0,-2539.0,4383.0,4.0,-2023.75,-1346.0,-2531.0,-8095.0,4.0,13760.06625,22518.0,2808.0,55040.265,9.0,0.0,0.0,0.0,0.0,9.0,393898.38,1471500.0,17284.5,3545085.42,5.0,410874.3,1309194.0,0.0,2054371.5,4.0,0.0,0.0,0.0,0.0,9.0,0.0,0.0,0.0,0.0,9.0,-915.3333333333335,-8.0,-2508.0,-8238.0,0.0,,,,0.0,5.0,0.5555555555555556,0.0,0.0,4.0,0.4444444444444444,0.0,0.0,9.0,1.0,0.0,0.0,0.0,0.0,0.0,0.0,0.0,0.0,0.0,0.0,0.0,0.0,6.0,0.6666666666666666,3.0,0.3333333333333333,0.0,0.0,0.0,0.0,0.0,0.0,0.0,0.0,0.0,0.0,0.0,0.0,0.0,0.0,0.0,0.0,0.0,0.0,0.0,0.0,,,,,,,,,,,,,,,,,,,,,,,,,,,,,,,,,,,,,,,,,,,,,,,,,,,,,,,,,,,,,,,,,,,,,,,,,,,,,,,,,,,,,,,,,,,,,,,,,,,,,,,,,
1,90000.0,180000.0,9000.0,180000.0,0.009334,-7974,-895,-6591.0,-642,,1,1,1,1,0,0,3.0,2,2,10,0,0,0,0,0,0,,0.535542260363498,,,,,,,,,,,,,,,,,,,,,,,,,,,,,,,,,,,,,,,,,,,,,1.0,1.0,1.0,1.0,-462.0,0,0,0,0,0,0,0,0,0,0,0,0,0,0,0,0,0,0,0,0,,,,,,,0,1,1,0,1,0,0,1,0,1,0,0,0,0,0,0,0,0,0,0,0,1,0,0,0,0,1,1,0,0,0,0,0,1,0,0,0,0,0,0,0,0,0,0,0,0,0,0,0,0,0,0,1,0,0,0,0,1,0,0,0,0,0,0,0,0,0,0,0,0,0,0,0,0,0,0,0,0,0,0,0,0,0,0,0,0,0,0,0,0,0,0,0,0,0,0,0,0,0,0,0,0,0,0,0,1,0,0,0,0,0,0,0,0,0,0,0,0,0,0,0,0,0,0,0,0,0,0,0,0,0,0,0,0,0,0,0,,,,,,,,,,,,,,,,,,,,,,,,,,,,,,,,,,,,,,,,,,,,,,,,,,,,,,,,,,,,,,,,,,,,,,,,,,,,,,,,,,,,,,,,,,,,,,,,,,,,,,,,,,,,,,,,,,,,,,,,,,,,,,,,,,,,,,,,,,,,,,,,,,,,,,,,,,,,,,,,,,,,,,,,,,,,,,,,,,,,,,,,,,,,,,,,,,,,,,,,,,,,,,,,,,,
1,112500.0,327024.0,23827.5,270000.0,0.019101,-15948,-1234,-5782.0,-3153,,1,1,0,1,0,0,3.0,2,2,10,0,0,0,0,1,1,,0.5411237022695412,0.6594055320683344,,,,,,,,,,,,,,,,,,,,,,,,,,,,,,,,,,,,,,,,,,,,2.0,0.0,2.0,0.0,-2.0,0,1,0,0,0,0,0,0,0,0,0,0,0,0,0,0,0,0,0,0,0.0,0.0,0.0,0.0,0.0,0.0,1,0,0,1,1,0,0,1,0,1,0,0,0,0,0,0,0,0,0,0,0,1,0,0,0,0,1,0,1,0,0,0,0,1,0,0,0,0,0,0,0,0,0,0,0,0,1,0,0,0,0,0,0,0,0,0,0,0,1,0,0,0,0,0,0,0,0,0,0,0,0,0,0,0,0,0,0,0,0,1,0,0,0,0,0,0,0,0,0,0,0,0,0,0,0,0,0,0,0,0,0,0,0,0,0,0,0,0,0,0,0,0,0,0,0,0,0,0,0,0,0,0,0,0,0,0,0,0,0,0,0,0,0,0,0,0,0,4.0,-1071.0,-556.0,-1389.0,-4284.0,4.0,0.0,0.0,0.0,0.0,4.0,-525.25,-191.0,-662.0,-2101.0,3.0,-636.6666666666666,-586.0,-662.0,-1910.0,2.0,0.0,0.0,0.0,0.0,4.0,0.0,0.0,0.0,0.0,4.0,317790.0,454500.0,152910.0,1271160.0,4.0,0.0,0.0,0.0,0.0,4.0,0.0,0.0,0.0,0.0,4.0,0.0,0.0,0.0,0.0,4.0,-436.75,-54.0,-652.0,-1747.0,4.0,17437.5,17437.5,17437.5,69750.0,1.0,0.25,0.0,0.0,3.0,0.75,0.0,0.0,4.0,1.0,0.0,0.0,0.0,0.0,0.0,0.0,0.0,0.0,0.0,0.0,0.0,0.0,4.0,1.0,0.0,0.0,0.0,0.0,0.0,0.0,0.0,0.0,0.0,0.0,0.0,0.0,0.0,0.0,0.0,0.0,0.0,0.0,0.0,0.0,0.0,0.0,4.0,19.0,19.0,19.0,76.0,4.0,-25.75,-9.0,-36.0,-103.0,4.0,-16.75,0.0,-27.0,-67.0,4.0,-34.75,-18.0,-45.0,-139.0,4.0,-489.25,-171.0,-684.0,-1957.0,4.0,17.0,17.0,17.0,68.0,4.0,0.8947368421052632,0.8947368421052632,0.8947368421052632,3.5789473684210527,4.0,0.0,0.0,0.0,0.0,4.0,0.0,0.0,0.0,0.0,4.0,0.0,0.0,0.0,0.0,4.0,0.0,0.0,0.0,0.0,4.0,0.0,0.0,0.0,0.0,4.0,0.0,0.0,0.0,0.0,4.0,0.0,0.0,0.0,0.0,4.0,0.0,0.0,0.0,0.0,4.0,0.0,0.0,0.0,0.0,4.0,0.0,0.0,0.0,0.0,4.0,0.0,0.0,0.0,0.0,4.0,0.0,0.0,0.0,0.0,4.0,2.0,2.0,2.0,8.0,4.0,0.10526315789473684,0.10526315789473684,0.10526315789473684,0.42105263157894735
0,83250.0,239850.0,23850.0,225000.0,0.006296,-24827,365243,-9012.0,-3684,,1,0,0,1,1,0,2.0,3,3,12,0,0,0,0,0,0,,0.6243047373592765,0.6690566947824041,0.1443,0.0848,0.9876,0.83,0.1064,0.14,0.1207,0.375,0.4167,0.2371,0.1173,0.1484,0.0019,0.0007,0.1261,0.0754,0.9876,0.8367,0.0,0.1208,0.1034,0.375,0.4167,0.2425,0.1102,0.0923,0.0,0.0,0.1457,0.0848,0.9876,0.8323,0.1071,0.14,0.1207,0.375,0.4167,0.2412,0.1193,0.151,0.0019,0.0007,0.16399999999999998,0.0,0.0,0.0,0.0,-795.0,0,0,0,0,1,0,0,0,0,0,0,0,0,0,0,0,0,0,0,0,0.0,0.0,0.0,0.0,0.0,3.0,1,0,1,0,1,0,0,1,0,0,0,0,0,0,1,0,0,1,0,0,0,0,0,0,0,0,1,0,1,0,0,0,0,1,0,0,0,0,0,0,0,0,0,0,0,0,0,0,0,0,0,0,0,0,0,0,1,0,0,0,0,0,0,0,0,0,0,0,0,0,0,0,0,0,0,0,0,0,0,0,0,0,0,0,0,0,0,0,0,0,0,0,0,0,0,0,0,0,0,0,0,0,0,0,0,0,0,0,0,0,0,0,0,0,0,0,0,0,0,0,1,0,1,0,0,1,0,0,0,1,0,0,0,0,0,1,0,3.0,-793.0,-143.0,-1983.0,-2379.0,3.0,0.0,0.0,0.0,0.0,3.0,-278.3333333333333,944.0,-1649.0,-835.0,2.0,-902.5,-130.0,-1675.0,-1805.0,2.0,2565.0,5130.0,0.0,5130.0,3.0,0.0,0.0,0.0,0.0,3.0,208432.5,427500.0,40297.5,625297.5,3.0,125571.0,376713.0,0.0,376713.0,3.0,0.0,0.0,0.0,0.0,3.0,0.0,0.0,0.0,0.0,3.0,-600.6666666666666,-3.0,-1675.0,-1802.0,0.0,,,,0.0,1.0,0.3333333333333333,0.0,0.0,2.0,0.6666666666666666,0.0,0.0,3.0,1.0,0.0,0.0,0.0,0.0,0.0,0.0,0.0,0.0,0.0,0.0,0.0,0.0,3.0,1.0,0.0,0.0,0.0,0.0,0.0,0.0,0.0,0.0,0.0,0.0,0.0,0.0,0.0,0.0,0.0,0.0,0.0,0.0,0.0,0.0,0.0,0.0,,,,,,,,,,,,,,,,,,,,,,,,,,,,,,,,,,,,,,,,,,,,,,,,,,,,,,,,,,,,,,,,,,,,,,,,,,,,,,,,,,,,,,,,,,,,,,,,,,,,,,,,,
0,135000.0,1125000.0,32895.0,1125000.0,0.019688999999999998,-15997,-4585,-5735.0,-4067,,1,1,0,1,0,0,2.0,2,2,14,0,0,0,0,0,0,,0.17249750814777715,,0.0825,0.0804,0.9762,0.6736,0.0056,0.0,0.1379,0.1667,0.2083,0.038,0.0672,0.0637,0.0,0.0,0.084,0.0835,0.9762,0.6864,0.0057,0.0,0.1379,0.1667,0.2083,0.0389,0.0735,0.0664,0.0,0.0,0.0833,0.0804,0.9762,0.6779999999999999,0.0057,0.0,0.1379,0.1667,0.2083,0.0387,0.0684,0.0648,0.0,0.0,0.0532,0.0,0.0,0.0,0.0,-3019.0,0,1,0,0,0,0,0,0,0,0,0,0,0,0,0,0,0,0,0,0,,,,,,,1,0,1,0,1,0,0,1,0,0,0,0,0,0,1,0,0,0,1,0,0,0,0,1,0,0,0,0,1,0,0,0,0,1,0,0,0,0,0,0,0,1,0,0,0,0,0,0,0,0,0,0,0,0,0,0,1,0,0,0,0,0,0,0,0,0,0,0,0,0,0,0,0,0,0,0,0,0,0,0,0,0,0,0,0,0,0,0,0,0,0,0,0,0,0,0,0,0,0,0,0,0,0,0,1,0,0,0,0,0,0,0,0,0,0,0,0,0,0,0,0,0,0,1,0,1,0,0,0,0,0,0,0,1,0,1,0,,,,,,,,,,,,,,,,,,,,,,,,,,,,,,,,,,,,,,,,,,,,,,,,,,,,,,,,,,,,,,,,,,,,,,,,,,,,,,,,,,,,,,,,,,,,,,,,,,,,,,,,,,,,,,,,,,,,,,,,,,,,,,,,,,,,,,,,,,,,,,,,,,,,,,,,,,,,,,,,,,,,,,,,,,,,,,,,,,,,,,,,,,,,,,,,,,,,,,,,,,,,,,,,,,,
1,450000.0,497520.0,32521.5,450000.0,0.020713,-11146,-4306,-114.0,-2518,,1,1,0,1,0,0,3.0,3,2,6,0,0,0,0,0,0,,0.457142971588935,0.35895122857839673,0.0907,0.0795,0.9786,0.7076,0.012,0.0,0.2069,0.1667,0.2083,0.0898,0.0723,0.0873,0.0077,0.0044,0.0924,0.0825,0.9786,0.7190000000000001,0.0121,0.0,0.2069,0.1667,0.2083,0.0918,0.079,0.091,0.0078,0.0047,0.0916,0.0795,0.9786,0.7115,0.012,0.0,0.2069,0.1667,0.2083,0.0913,0.0735,0.0889,0.0078,0.0045,0.0696,0.0,0.0,0.0,0.0,-468.0,0,1,0,0,0,0,0,0,0,0,0,0,0,0,0,0,0,0,0,0,0.0,0.0,0.0,0.0,0.0,5.0,1,0,1,0,1,0,1,0,0,0,0,0,0,0,1,0,0,0,0,0,0,1,0,0,0,0,1,0,1,0,0,0,0,0,0,0,1,0,0,0,0,0,0,0,0,0,0,0,0,0,0,0,1,0,0,0,0,0,0,0,1,0,0,0,0,0,0,0,0,0,0,0,0,0,0,0,0,0,0,0,0,0,0,0,0,0,0,0,0,0,0,0,0,0,0,0,0,0,0,0,0,0,0,0,0,1,0,0,0,0,0,0,0,0,0,0,0,0,0,0,0,0,0,1,0,1,0,0,0,0,0,0,1,0,0,1,0,3.0,-679.0,-148.0,-1644.0,-2037.0,3.0,0.0,0.0,0.0,0.0,2.0,899.0,1581.0,217.0,1798.0,1.0,-916.0,-916.0,-916.0,-916.0,1.0,0.0,0.0,0.0,0.0,3.0,0.0,0.0,0.0,0.0,3.0,1875000.0,2700000.0,1350000.0,5625000.0,2.0,1738907.19,2542576.5,935237.88,3477814.38,2.0,0.0,0.0,0.0,0.0,3.0,0.0,0.0,0.0,0.0,3.0,-314.6666666666667,-7.0,-914.0,-944.0,0.0,,,,0.0,2.0,0.6666666666666666,0.0,0.0,1.0,0.3333333333333333,0.0,0.0,3.0,1.0,0.0,0.0,0.0,0.0,0.0,0.0,0.0,0.0,0.0,0.0,0.0,0.0,2.0,0.6666666666666666,0.0,0.0,0.0,0.0,0.0,0.0,0.0,0.0,0.0,0.0,0.0,0.0,1.0,0.3333333333333333,0.0,0.0,0.0,0.0,0.0,0.0,0.0,0.0,,,,,,,,,,,,,,,,,,,,,,,,,,,,,,,,,,,,,,,,,,,,,,,,,,,,,,,,,,,,,,,,,,,,,,,,,,,,,,,,,,,,,,,,,,,,,,,,,,,,,,,,,
0,99000.0,260640.0,26838.0,225000.0,0.022625,-20121,-5332,-9197.0,-3283,,1,1,1,1,1,0,2.0,2,2,16,0,0,0,0,1,1,,0.08924065344241718,0.7281412993111438,,,,,,,,,,,,,,,,,,,,,,,,,,,,,,,,,,,,,,,,,,,,4.0,0.0,4.0,0.0,-1247.0,0,1,0,0,0,0,0,0,0,0,0,0,0,0,0,0,0,0,0,0,0.0,0.0,0.0,0.0,0.0,2.0,1,0,1,0,1,0,0,1,0,0,0,0,0,0,1,0,0,0,0,0,0,1,0,0,0,0,1,0,1,0,0,0,0,1,0,0,0,0,0,0,0,0,0,0,0,0,0,0,0,1,0,0,0,0,0,0,0,0,0,0,0,0,1,0,0,0,0,0,1,0,0,0,0,0,0,0,0,0,0,0,0,0,0,0,0,0,0,0,0,0,0,0,0,0,0,0,0,0,0,0,0,0,0,0,0,0,0,0,0,0,0,0,0,0,0,0,0,0,0,0,0,0,0,0,0,0,0,0,0,0,0,0,0,0,0,0,0,2.0,-1310.5,-1138.0,-1483.0,-2621.0,2.0,0.0,0.0,0.0,0.0,2.0,-943.5,-772.0,-1115.0,-1887.0,1.0,-1114.0,-1114.0,-1114.0,-1114.0,1.0,0.0,0.0,0.0,0.0,2.0,0.0,0.0,0.0,0.0,2.0,52346.25,56092.5,48600.0,104692.5,2.0,0.0,0.0,0.0,0.0,2.0,0.0,0.0,0.0,0.0,2.0,0.0,0.0,0.0,0.0,2.0,-578.0,-42.0,-1114.0,-1156.0,0.0,,,,0.0,1.0,0.5,0.0,0.0,1.0,0.5,0.0,0.0,2.0,1.0,0.0,0.0,0.0,0.0,0.0,0.0,0.0,0.0,0.0,0.0,0.0,0.0,2.0,1.0,0.0,0.0,0.0,0.0,0.0,0.0,0.0,0.0,0.0,0.0,0.0,0.0,0.0,0.0,0.0,0.0,0.0,0.0,0.0,0.0,0.0,0.0,2.0,29.0,29.0,29.0,58.0,2.0,-28.5,-23.0,-34.0,-57.0,2.0,-14.5,-9.0,-20.0,-29.0,2.0,-42.5,-37.0,-48.0,-85.0,2.0,-826.5,-667.0,-986.0,-1653.0,2.0,12.0,12.0,12.0,24.0,2.0,0.4137931034482759,0.4137931034482759,0.4137931034482759,0.8275862068965517,2.0,0.0,0.0,0.0,0.0,2.0,0.0,0.0,0.0,0.0,2.0,0.0,0.0,0.0,0.0,2.0,0.0,0.0,0.0,0.0,2.0,0.0,0.0,0.0,0.0,2.0,0.0,0.0,0.0,0.0,2.0,0.0,0.0,0.0,0.0,2.0,0.0,0.0,0.0,0.0,2.0,0.0,0.0,0.0,0.0,2.0,0.0,0.0,0.0,0.0,2.0,17.0,17.0,17.0,34.0,2.0,0.5862068965517241,0.5862068965517241,0.5862068965517241,1.1724137931034482,2.0,0.0,0.0,0.0,0.0,2.0,0.0,0.0,0.0,0.0
0,112500.0,450000.0,44509.5,450000.0,0.008575,-12158,-1275,-6265.0,-2009,,1,1,1,1,1,0,2.0,2,2,19,0,0,0,0,0,0,,0.6631580756296298,0.6785676886853644,0.0948,0.0792,0.9861,0.8096,,0.0,0.1724,0.1667,,0.0888,,0.0582,,,0.0966,0.0822,0.9861,0.8171,,0.0,0.1724,0.1667,,0.0908,,0.0606,,,0.0958,0.0792,0.9861,0.8121,,0.0,0.1724,0.1667,,0.0903,,0.0592,,,0.0749,0.0,0.0,0.0,0.0,-1285.0,0,1,0,0,0,0,0,0,0,0,0,0,0,0,0,0,0,0,0,0,0.0,0.0,0.0,0.0,0.0,0.0,1,0,1,0,1,0,1,0,0,0,0,0,0,0,1,0,0,0,0,0,0,1,0,1,0,0,0,0,1,0,0,0,0,1,0,0,0,0,0,0,0,0,0,0,0,0,0,0,0,0,0,0,1,0,0,0,0,1,0,0,0,0,0,0,0,0,0,0,0,0,0,0,0,0,0,0,0,0,0,0,0,0,0,0,0,0,0,0,0,0,0,0,0,0,0,0,0,0,0,0,0,0,0,0,0,1,0,0,0,0,0,0,0,0,0,0,0,0,0,0,0,0,0,1,0,1,0,0,0,0,0,0,0,1,0,1,0,13.0,-1292.5384615384614,-66.0,-2890.0,-16803.0,13.0,0.0,0.0,0.0,0.0,13.0,-969.1538461538463,117.0,-2678.0,-12599.0,12.0,-1066.0,-36.0,-2701.0,-12792.0,10.0,769.365,5830.965,0.0,7693.65,13.0,0.0,0.0,0.0,0.0,13.0,63254.24307692308,180000.0,14580.0,822305.1599999998,13.0,0.0,0.0,0.0,0.0,12.0,0.0,0.0,0.0,0.0,13.0,0.0,0.0,0.0,0.0,13.0,-992.8461538461537,-34.0,-2678.0,-12907.0,0.0,,,,0.0,1.0,0.07692307692307693,0.0,0.0,12.0,0.9230769230769232,0.0,0.0,13.0,1.0,0.0,0.0,0.0,0.0,0.0,0.0,0.0,0.0,0.0,0.0,0.0,0.0,12.0,0.9230769230769232,1.0,0.07692307692307693,0.0,0.0,0.0,0.0,0.0,0.0,0.0,0.0,0.0,0.0,0.0,0.0,0.0,0.0,0.0,0.0,0.0,0.0,0.0,0.0,,,,,,,,,,,,,,,,,,,,,,,,,,,,,,,,,,,,,,,,,,,,,,,,,,,,,,,,,,,,,,,,,,,,,,,,,,,,,,,,,,,,,,,,,,,,,,,,,,,,,,,,,
0,121500.0,513000.0,21865.5,513000.0,0.028663,-19932,-3038,-4311.0,-3458,,1,1,0,1,0,0,1.0,2,2,11,0,0,0,0,1,1,,0.3227382869704046,,,,,,,,,,,,,,,,,,,,,,,,,,,,,,,,,,,,,,,,,,,,,0.0,0.0,0.0,0.0,-1106.0,0,0,0,0,0,0,1,0,0,0,0,0,0,0,0,0,0,0,0,0,0.0,0.0,0.0,0.0,0.0,0.0,1,0,0,1,1,0,0,1,0,0,0,0,0,0,1,0,0,0,0,0,0,1,0,0,0,0,1,0,0,0,1,0,0,1,0,0,0,0,0,0,0,1,0,0,0,0,0,0,0,0,0,0,0,0,0,0,0,0,0,0,1,0,0,0,0,0,0,0,0,0,0,0,0,0,0,0,0,0,0,0,0,0,0,0,0,0,0,0,0,0,0,0,0,0,0,0,0,0,0,0,1,0,0,0,0,0,0,0,0,0,0,0,0,0,0,0,0,0,0,0,0,0,0,0,0,0,0,0,0,0,0,0,0,0,0,0,0,1.0,-1149.0,-1149.0,-1149.0,-1149.0,1.0,0.0,0.0,0.0,0.0,1.0,-783.0,-783.0,-783.0,-783.0,1.0,-783.0,-783.0,-783.0,-783.0,1.0,0.0,0.0,0.0,0.0,1.0,0.0,0.0,0.0,0.0,1.0,146250.0,146250.0,146250.0,146250.0,1.0,0.0,0.0,0.0,0.0,1.0,0.0,0.0,0.0,0.0,1.0,0.0,0.0,0.0,0.0,1.0,-783.0,-783.0,-783.0,-783.0,0.0,,,,0.0,0.0,0.0,0.0,0.0,1.0,1.0,0.0,0.0,1.0,1.0,0.0,0.0,0.0,0.0,0.0,0.0,0.0,0.0,0.0,0.0,0.0,0.0,1.0,1.0,0.0,0.0,0.0,0.0,0.0,0.0,0.0,0.0,0.0,0.0,0.0,0.0,0.0,0.0,0.0,0.0,0.0,0.0,0.0,0.0,0.0,0.0,,,,,,,,,,,,,,,,,,,,,,,,,,,,,,,,,,,,,,,,,,,,,,,,,,,,,,,,,,,,,,,,,,,,,,,,,,,,,,,,,,,,,,,,,,,,,,,,,,,,,,,,,
0,112500.0,979992.0,27076.5,702000.0,0.018029,-18724,-2628,-6573.0,-1827,,1,1,0,1,0,0,1.0,3,2,9,0,0,0,0,0,0,,0.5484771599678789,0.190705947811054,0.0165,0.0089,0.9732,,,0.0,0.069,0.0417,,0.0265,,0.0094,,0.0,0.0168,0.0092,0.9732,,,0.0,0.069,0.0417,,0.0271,,0.0083,,0.0,0.0167,0.0089,0.9732,,,0.0,0.069,0.0417,,0.027000000000000003,,0.0096,,0.0,0.0085,10.0,1.0,10.0,0.0,-161.0,0,1,0,0,0,0,0,0,0,0,0,0,0,0,1,0,0,0,0,0,0.0,0.0,0.0,0.0,2.0,2.0,1,0,1,0,1,0,0,1,0,0,0,0,0,0,1,0,0,0,0,0,0,1,0,0,0,0,1,0,0,0,0,1,0,1,0,0,0,0,0,0,1,0,0,0,0,0,0,0,0,0,0,0,0,0,0,0,0,1,0,0,0,0,0,0,0,0,0,0,1,0,0,0,0,0,0,0,0,0,0,0,0,0,0,0,0,0,0,0,0,0,0,0,0,0,0,0,0,0,0,0,0,0,0,0,0,0,0,0,0,0,0,0,0,0,0,0,0,0,0,0,0,0,0,0,0,1,0,0,0,0,0,0,0,0,1,0,1,7.0,-579.5714285714286,-75.0,-1365.0,-4057.0,7.0,0.0,0.0,0.0,0.0,5.0,468.6,1021.0,-269.0,2343.0,4.0,-449.0,-73.0,-991.0,-1796.0,0.0,,,,0.0,7.0,0.0,0.0,0.0,0.0,7.0,567235.9285714285,1350000.0,90000.0,3970651.5,2.0,562500.0,1125000.0,0.0,1125000.0,0.0,,,,0.0,7.0,0.0,0.0,0.0,0.0,7.0,-266.2857142857143,-9.0,-989.0,-1864.0,0.0,,,,0.0,3.0,0.42857142857142855,0.0,0.0,4.0,0.5714285714285714,0.0,0.0,7.0,1.0,0.0,0.0,0.0,0.0,0.0,0.0,0.0,0.0,0.0,0.0,0.0,0.0,5.0,0.7142857142857143,2.0,0.2857142857142857,0.0,0.0,0.0,0.0,0.0,0.0,0.0,0.0,0.0,0.0,0.0,0.0,0.0,0.0,0.0,0.0,0.0,0.0,0.0,0.0,,,,,,,,,,,,,,,,,,,,,,,,,,,,,,,,,,,,,,,,,,,,,,,,,,,,,,,,,,,,,,,,,,,,,,,,,,,,,,,,,,,,,,,,,,,,,,,,,,,,,,,,,
